id,name,type,distance_km,moving_time_min,date,avg_hr,max_hr,avg_power,max_power,np
17663204538,Gravel Grind,VirtualRide,34.376400000000004,61.45,2026-03-09T17:41:31Z,,,223.7,503.0,238.0
17665256475,Afternoon Walk,Walk,1.1542000000000001,19.016666666666666,2026-03-09T21:20:32Z,88.4,116.0,,,
17664983420,Afternoon Walk,Walk,0.7527,14.233333333333333,2026-03-09T19:48:33Z,89.2,105.0,,,
17653625171,Afternoon Walk,Walk,1.528,23.316666666666666,2026-03-08T20:02:42Z,97.1,106.0,,,
17652373561,Pro Tri News podcast listen session,Run,11.360299999999999,60.016666666666666,2026-03-08T17:02:22Z,150.8,162.0,,,
17635255941,"8x2' at VT2, 3' easy",Run,12.2174,56.833333333333336,2026-03-07T11:31:16Z,162.3,188.0,,,
17625945381,Easy spin,VirtualRide,26.4743,60.28333333333333,2026-03-06T15:07:32Z,,,133.9,317.0,148.0
17615154838,6' progressions into VT1,Run,6.0071,31.216666666666665,2026-03-05T16:21:24Z,158.3,176.0,,,
17614626937,Threshold intervals,Swim,1.3259,30.016666666666666,2026-03-05T15:41:08Z,130.6,160.0,,,
17601884946,Blame it on the new baby ☺️,Run,3.8058,20.2,2026-03-04T15:15:07Z,152.3,174.0,,,
17601539311,300s technique,Swim,1.0973,30.016666666666666,2026-03-04T14:33:50Z,127.7,156.0,,,
17571375385,Mend,VirtualRide,30.242,60.45,2026-03-01T23:58:29Z,,,132.5,304.0,146.0
17570520018,Last walk as family of 5!,Walk,2.7540999999999998,44.65,2026-03-01T21:30:49Z,92.2,109.0,,,
17554217233,Maybe last family walk of 5,Walk,3.0038,48.1,2026-02-28T13:50:17Z,91.6,110.0,,,
17551908210,Threshold farming on the road this time,Run,12.1919,57.45,2026-02-28T11:28:09Z,161.3,183.0,,,
17546966721,Maybe the last walk as family of 5,Walk,1.5973,23.866666666666667,2026-02-27T21:29:48Z,87.7,116.0,,,
17541902059,1k tempo + some other stuff,Swim,1.3716,24.266666666666666,2026-02-27T14:12:21Z,134.9,179.0,,,
17525200609,"4x5' @ 70.3, 1' easy",VirtualRide,29.0087,60.93333333333333,2026-02-26T00:13:02Z,,,210.6,587.0,232.0
17524059606,Perhaps the last family walk before baby arrives,Walk,1.813,32.666666666666664,2026-02-25T22:05:34Z,70.8,94.0,,,
17506353454,Easy with 2x5' LT1/VT1,Run,6.0,30.7,2026-02-24T14:19:25Z,159.5,178.0,,,
17506353684,300s,Swim,1.1200999999999999,30.0,2026-02-24T13:39:50Z,146.7,175.0,,,
17499059228,Recovery Monday pt 2,Run,6.0,30.8,2026-02-23T21:04:41Z,154.5,168.0,,,
17498640145,Recovery Monday,Swim,0.9601000000000001,30.016666666666666,2026-02-23T20:24:21Z,132.6,166.0,,,
17489876195,Hang onto the pacer  no matter what,VirtualRide,37.6209,63.016666666666666,2026-02-23T00:23:01Z,,,209.8,569.0,238.0
17472646818,Threshold farming is harder on the track,Run,11.703100000000001,56.233333333333334,2026-02-21T13:14:11Z,163.0,182.0,,,
17464941306,Zwift - Pacer Group Ride: Loop de Loop in Watopia with Taylor,VirtualRide,30.402099999999997,60.78333333333333,2026-02-20T20:01:15Z,,,150.2,605.0,195.0
17451196671,Let's threshold farm,Run,6.326899999999999,30.033333333333335,2026-02-19T14:51:38Z,167.1,182.0,,,
17450807450,"15', 10', 5'",Swim,1.3487,30.0,2026-02-19T14:08:44Z,146.9,167.0,,,
17434345890,Expand,VirtualRide,18.2306,30.316666666666666,2026-02-18T00:33:46Z,,,239.6,415.0,262.0
17426345789,Morning Tread,Run,5.18,28.333333333333332,2026-02-17T11:18:32Z,144.3,164.0,,,
17421526817,Pickups with short progressive,Run,6.0,30.266666666666666,2026-02-16T22:26:12Z,159.8,186.0,,,
17421188538,Easy 3x10,Swim,1.2572999999999999,29.983333333333334,2026-02-16T21:46:47Z,135.8,167.0,,,
17412048914,Zwift - Big Flat 8 in Watopia,VirtualRide,24.8354,60.81666666666667,2026-02-16T01:02:48Z,,,85.9,377.0,90.0
17387429052,Easy Friday pt2,Run,5.0024,31.1,2026-02-13T19:17:44Z,134.2,147.0,,,
17384934256,Easy Friday,Swim,1.3945,29.533333333333335,2026-02-13T14:44:16Z,131.4,155.0,,,
17379729143,Group Ride: The HERD Thirsty Thursday,VirtualRide,36.6113,61.266666666666666,2026-02-13T00:15:00Z,,,222.8,800.0,238.0
17373999689,Paddle day,Swim,1.4173,30.0,2026-02-12T14:02:09Z,144.5,170.0,,,
17361534219,Lionel Sanders' Yellow Day Workout,VirtualRide,30.8525,60.6,2026-02-11T11:08:43Z,,,207.2,485.0,222.0
17351778561,"Easy with 5x30"" at 3:23 pace",Run,5.49,30.0,2026-02-10T15:02:35Z,161.1,189.0,,,
17351428375,All positives,Swim,1.3487,26.216666666666665,2026-02-10T14:22:58Z,133.2,162.0,,,
17345825012,Tour de Zwift - London,VirtualRide,29.7858,60.45,2026-02-10T00:27:49Z,,,159.1,523.0,193.0
17283895846,Flatiron run Central Park,Run,18.025599999999997,142.56666666666666,2026-02-04T11:28:59Z,,,,,
17268940387,Tour de Zwift - BRAEk-fast Crits and Grits,VirtualRide,27.2405,60.68333333333333,2026-02-03T07:30:52Z,,,133.7,802.0,191.0
17255720136,Tour de Zwift Turf N Surf,VirtualRide,26.1688,60.416666666666664,2026-02-01T23:13:38Z,103.9,140.0,113.8,353.0,137.0
17241987525,The Kitchen Sink,VirtualRide,33.2467,60.516666666666666,2026-01-31T18:33:46Z,149.2,173.0,212.3,367.0,237.0
17222829510,Aerobic work,Run,6.21,30.0,2026-01-30T00:16:08Z,161.0,182.0,,,
17217477863,6x100 hard with easy pull and kick between,Swim,1.4173,32.916666666666664,2026-01-29T14:22:01Z,140.9,180.0,,,
17204463664,Columbus Tri Club Morning Ride,VirtualRide,32.0857,61.56666666666667,2026-01-28T11:00:01Z,,,188.3,717.0,221.0
17200574742,Recovery Spin,VirtualRide,25.0694,61.266666666666666,2026-01-28T00:16:00Z,99.2,129.0,93.8,339.0,99.0
17188897209,Lionel Sanders' Yellow Day Workout,VirtualRide,34.1277,60.56666666666667,2026-01-27T00:00:48Z,120.7,162.0,200.6,301.0,220.0
17175799924,Shovel driveway,Workout,,90.0,2026-01-25T17:07:29Z,,,,,
17164205687,Lionel Sanders' Yellow Day Workout,VirtualRide,33.911300000000004,60.88333333333333,2026-01-24T17:42:11Z,,,202.1,410.0,219.0
17144300616,Run for an hour,Run,11.6899,64.1,2026-01-22T22:00:17Z,151.3,169.0,,,
17142291337,"6x100 threshold, pull buoy and kick otherwise",Swim,1.3259,30.183333333333334,2026-01-22T18:53:50Z,142.0,187.0,,,
17126337160,Columbus tri club Wednesday ride,VirtualRide,28.3944,60.18333333333333,2026-01-21T11:00:13Z,,,127.0,365.0,135.0
17127948988,Drills,Swim,1.1659000000000002,30.233333333333334,2026-01-21T14:07:52Z,136.6,170.0,,,
17120234538,Rolling Hills #1,VirtualRide,31.4265,60.6,2026-01-20T19:58:07Z,,,215.6,303.0,231.0
17115903984,3x200yd high end of threshold,Swim,1.2802,30.083333333333332,2026-01-20T13:54:36Z,145.1,178.0,,,
17102920436,Post run swim with parents,Swim,0.9601000000000001,24.516666666666666,2026-01-19T11:52:26Z,148.6,181.0,,,
17102920450,Easy ramp into tempo with 5x1' VO2 efforts,Run,5.82,30.016666666666666,2026-01-19T11:15:01Z,157.0,190.0,,,
17099185501,Lionel Sanders' Yellow Day Workout,VirtualRide,35.6533,60.483333333333334,2026-01-18T23:55:48Z,,,201.1,282.0,220.0
17070778903,"5x1'x1' at 3:43, 5:18",Run,5.95,30.0,2026-01-16T15:04:55Z,166.8,187.0,,,
17070285503,"500, 400, 300, 200, 100 steady",Swim,1.4402000000000001,30.0,2026-01-16T14:17:56Z,147.0,189.0,,,
17045743371,Columbus Tri Club Morning Ride,VirtualRide,31.193,60.81666666666667,2026-01-14T11:00:21Z,,,95.4,336.0,143.0
17041516065,Zone 5 on treadmill,Run,4.847,35.71666666666667,2026-01-13T23:59:03Z,132.9,151.0,,,
17024974902,5x100s,Swim,1.3487,30.0,2026-01-12T17:10:49Z,135.3,167.0,,,
16990285943,3x10',Swim,1.1887,30.016666666666666,2026-01-09T14:12:33Z,131.3,154.0,,,
16939412850,Probably better than nothing,Run,10.5075,60.166666666666664,2026-01-04T20:28:45Z,149.9,166.0,,,
16925639207,Carolina Beach Trail Half Marathon,Run,21.5012,107.91666666666667,2026-01-03T13:00:02Z,173.4,191.0,,,
16914973284,Final day of swimming in the murky hotel pool,Swim,2.1488,30.0,2026-01-02T16:44:44Z,111.4,127.0,,,
16913609499,Morning Walk,Walk,3.9586,60.266666666666666,2026-01-02T14:09:36Z,85.5,99.0,,,
16905139155,Shake out with pickups,Run,12.7597,60.75,2026-01-01T16:23:42Z,165.9,188.0,,,
16896791903,More hotel pool laps,Swim,1.233,30.083333333333332,2025-12-31T16:25:41Z,116.0,136.0,,,
16895028356,Morning Walk,Walk,0.5141,8.05,2025-12-31T14:37:52Z,84.0,94.0,,,
16889262193,Laps in the hotel pool,Swim,2.1946,30.166666666666668,2025-12-30T21:10:13Z,109.6,126.0,,,
16889262243,Afternoon Walk,Walk,1.1610999999999998,14.25,2025-12-30T18:02:55Z,88.0,104.0,,,
16889261974,Lunch Walk,Walk,1.3737000000000001,16.083333333333332,2025-12-30T16:56:31Z,89.3,103.0,,,
16877336264,Lazy week of the year incoming,Swim,1.1200999999999999,30.0,2025-12-29T19:31:11Z,129.0,157.0,,,
16858916143,Afternoon Walk,Walk,3.1607,53.833333333333336,2025-12-27T21:49:43Z,80.8,111.0,,,
16855605087,Morning Walk,Walk,3.5101999999999998,49.5,2025-12-27T14:36:30Z,76.9,103.0,,,
16839347763,Run with sisters and mom,Run,4.6873000000000005,30.033333333333335,2025-12-25T19:50:49Z,141.9,155.0,,,
16839347765,Run with sister,Run,8.608600000000001,40.516666666666666,2025-12-25T19:00:10Z,159.2,171.0,,,
16828523468,20 min cool down,VirtualRide,7.1022,21.35,2025-12-24T11:43:39Z,,,96.0,219.0,110.0
16828258481,Columbus Tri Club Morning Zwift Ride,VirtualRide,21.1873,39.88333333333333,2025-12-24T11:00:46Z,,,254.8,333.0,267.0
16823450829,Triple threshold day,VirtualRide,18.2396,30.5,2025-12-23T20:03:22Z,,,240.4,407.0,262.0
16819617459,"3x2' threshold, 3x1' up to VO2max",Run,5.9089,30.333333333333332,2025-12-23T12:09:23Z,154.8,178.0,,,
16819200317,"Extensify: 300,100,200",Swim,0.983,30.183333333333334,2025-12-23T11:27:26Z,137.1,173.0,,,
16814155606,Got lazy and gave up when it got too hard,VirtualRide,33.0832,63.36666666666667,2025-12-22T19:18:24Z,,,166.2,473.0,197.0
16814585071,Extensify: 6x100yd,Swim,1.1200999999999999,30.9,2025-12-22T20:52:31Z,131.4,177.0,,,
16806374808,Afternoon Walk,Walk,1.0475999999999999,17.483333333333334,2025-12-21T21:12:14Z,61.1,90.0,,,
16803243142,Casual cruise with sister,Run,13.1942,63.733333333333334,2025-12-21T13:23:19Z,157.5,175.0,,,
16788168019,Tempo pyramid with VO2 max efforts,Run,12.0,60.63333333333333,2025-12-19T21:09:26Z,162.1,188.0,,,
16785210398,Project Extensify,Swim,1.3259,30.45,2025-12-19T14:03:59Z,151.4,179.0,,,
16779509705,Pyramid 10' from easy to tempo to easy with 4x1' VO2 at top,Run,10.2072,60.916666666666664,2025-12-18T19:25:29Z,157.3,179.0,,,
16776870459,4x100yd fast and some other stuff,Swim,1.0058,30.0,2025-12-18T14:11:24Z,136.0,165.0,,,
16767982431,6 stroke breathing,Swim,1.8,30.0,2025-12-17T14:24:06Z,,,,,
16766572567,Columbus Tri Club Group Ride - FtP Gains,VirtualRide,30.8115,59.56666666666667,2025-12-17T11:00:44Z,,,215.6,374.0,239.0
16757252128,"Oura ring says Take it easy, pt 2",Run,4.8291,30.016666666666666,2025-12-16T11:39:55Z,146.5,151.0,,,
16756864634,Anyone else let their goggles fog up to simulate open water?,Swim,1.2116,30.05,2025-12-16T10:59:41Z,126.6,174.0,,,
16743849259,Tempo into threshold into VO2 Max (6.13km),Run,5.2355,30.15,2025-12-14T19:34:36Z,170.1,191.0,,,
16743591397,Best swim in a while,Swim,1.4402000000000001,30.283333333333335,2025-12-14T18:51:47Z,146.0,188.0,,,
16735807178,Short Pyramid Intervals,VirtualRide,33.8512,61.833333333333336,2025-12-13T23:41:07Z,115.2,165.0,196.2,426.0,221.0
16718091938,Easy breezy,VirtualRide,22.687900000000003,45.166666666666664,2025-12-11T23:49:29Z,,,205.3,410.0,214.0
16712542409,Hard to get myself to the pool this morning,Swim,1.6916,45.1,2025-12-11T11:45:32Z,144.9,176.0,,,
16702736658,Columbus Tri Club,VirtualRide,23.8751,60.45,2025-12-10T11:00:53Z,89.6,128.0,90.1,367.0,100.0
16685619088,Incline into threshold,Run,5.000100000000001,30.016666666666666,2025-12-08T15:47:42Z,166.0,182.0,,,
16685285203,Morning Swim,Swim,1.6002,45.416666666666664,2025-12-08T14:49:34Z,142.8,182.0,,,
16669569614,Cool down tread,VirtualRun,3.1,30.0,2025-12-06T20:58:30Z,,,,,
16669374938,Over Under's 4x 4min,VirtualRide,23.9741,40.46666666666667,2025-12-06T20:13:17Z,125.9,174.0,254.8,405.0,275.0
16669147190,Warm up ride with M,Ride,7.3225,20.616666666666667,2025-12-06T19:51:47Z,105.5,115.0,128.7,221.0,127.0
16657609534,Gym bros are so cringey (6km),Run,5.1618,30.816666666666666,2025-12-05T14:31:35Z,163.4,183.0,,,
16657308359,"Tempo, easy, hard 100/easy 100",Swim,1.2344000000000002,27.666666666666668,2025-12-05T13:50:15Z,142.1,175.0,,,
16653198656,Race pace,Run,6.1806,60.05,2025-12-05T00:16:48Z,125.6,135.0,,,
16648703538,Easy 30,Swim,1.2344000000000002,30.066666666666666,2025-12-04T14:42:21Z,138.7,178.0,,,
16643604705,Threshold / Easy intervals 1'/2' (6.3km),Run,5.24,30.0,2025-12-03T23:20:46Z,162.9,186.0,,,
16637656106,First group ride of the off season w/ Col Tri Club!,VirtualRide,30.4973,60.25,2025-12-03T11:00:34Z,133.2,164.0,187.9,436.0,210.0
16634104777,Evening Swim,Swim,0.983,30.166666666666668,2025-12-03T00:04:39Z,131.4,164.0,,,
16629149597,2x25s sprints,VirtualRide,33.598699999999994,60.38333333333333,2025-12-02T14:01:23Z,137.6,172.0,210.4,789.0,227.0
16620579657,Twelve Spikes,VirtualRide,36.4149,60.43333333333333,2025-12-01T16:46:00Z,145.9,174.0,229.8,475.0,243.0
16613757409,45 minutes with B and M,Ride,15.11,45.18333333333333,2025-11-30T19:48:42Z,116.8,159.0,121.4,472.0,137.0
16613330066,2x10 minute tempo,Run,9.6614,45.333333333333336,2025-11-30T18:33:23Z,162.6,181.0,,,
16604035986,45 minutes recovery with B,Ride,17.8968,45.016666666666666,2025-11-29T20:56:16Z,106.0,119.0,158.5,260.0,158.0
16593181091,Latest science says 60 minutes of biking burns off 2 days of eating,VirtualRide,35.1827,60.733333333333334,2025-11-28T17:01:16Z,147.2,171.0,227.3,518.0,241.0
16590398633,Pretty sure a 30 minute swim burns off all the food of the past two days?,Swim,1.0515999999999999,30.766666666666666,2025-11-28T11:23:02Z,133.4,160.0,,,
16585461120,Chill(y) run with a few pickups,Run,12.2805,60.38333333333333,2025-11-27T18:27:14Z,155.0,180.0,,,
16571894923,Proper triathlete,VirtualRide,,30.0,2025-11-26T12:41:53Z,,,,,
16571502899,Hilly treadmill,Run,5.2,30.0,2025-11-26T11:58:15Z,,,,,
16571121518,Casual dip,Swim,1.3716,25.0,2025-11-26T11:22:52Z,,,,,
16562441817,Threshold 200s,Swim,1.1659000000000002,30.033333333333335,2025-11-25T13:57:16Z,124.5,166.0,,,
16555064562,Upper aerobic into threshold efforts,VirtualRide,36.6326,60.8,2025-11-24T18:13:35Z,146.3,170.0,225.0,378.0,239.0
16552633005,Monday ease back into the week,Swim,1.1200999999999999,29.583333333333332,2025-11-24T13:55:37Z,134.3,158.0,,,
16538906303,Aerobic intervals,VirtualRide,32.5071,60.35,2025-11-23T00:28:51Z,140.9,158.0,202.1,257.0,219.0
16527761484,Short and sweet,Run,6.4044,28.9,2025-11-21T21:20:07Z,171.0,185.0,,,
16524763458,Tempo work,Swim,1.2572999999999999,30.083333333333332,2025-11-21T14:17:12Z,155.1,184.0,,,
16515592681,"Easy 30, technique, strength paddles",Swim,1.0287,30.183333333333334,2025-11-20T14:41:26Z,145.0,174.0,,,
16499986642,Afternoon Run,Run,3.9524,30.05,2025-11-18T22:54:12Z,126.1,169.0,,,
16468720151,Tempo into easy,Swim,1.0287,30.0,2025-11-15T19:40:38Z,124.9,155.0,,,
16466189139,Morning Walk,Walk,2.9788,39.56666666666667,2025-11-15T14:20:14Z,88.2,125.0,,,
16465192300,Morning Walk,Walk,3.2273,43.38333333333333,2025-11-15T12:51:05Z,92.3,105.0,,,
16457688723,Easy that didn't feel easy,Run,5.2258000000000004,26.283333333333335,2025-11-14T18:00:27Z,162.9,175.0,,,
16455838039,30 minutes continuous of 50s per lap,Swim,1.6459000000000001,29.95,2025-11-14T14:01:57Z,136.0,177.0,,,
16450457722,Afternoon Walk,Walk,3.2580999999999998,42.31666666666667,2025-11-13T22:03:06Z,87.0,101.0,,,
16444768794,Functional strength,WeightTraining,,30.183333333333334,2025-11-13T11:24:46Z,137.0,181.0,,,
16444460628,VO2 Max,Swim,0.6628999999999999,22.983333333333334,2025-11-13T10:42:24Z,132.6,159.0,,,
16434347911,Rolling hills of the UA Community Center('s treadmill),Run,4.333,30.033333333333335,2025-11-12T11:17:43Z,153.6,176.0,,,
16434002932,3x 7ish,Swim,1.1659000000000002,30.366666666666667,2025-11-12T10:38:39Z,138.5,170.0,,,
16423442569,Incline tread and 8 minutes tempo into threshold,Run,4.6411999999999995,30.483333333333334,2025-11-11T11:19:01Z,160.4,188.0,,,
16422983155,Work on hip rotation,Swim,0.8458,29.75,2025-11-11T10:41:10Z,133.4,171.0,,,
16412926279,Legs and Core functional strength,WeightTraining,,29.75,2025-11-10T11:09:09Z,124.8,160.0,,,
16412921788,Gym bike 30 minutes,Ride,,30.166666666666668,2025-11-10T10:36:02Z,112.0,126.0,,,
16408710751,30 progressive,Run,5.0653999999999995,29.95,2025-11-09T20:00:40Z,170.6,187.0,,,
16408442983,3x 10 kick into tempo into easy,Swim,1.1200999999999999,30.25,2025-11-09T19:19:34Z,138.1,179.0,,,
16397584454,Indoor track alternating easy/tempo,Run,5.2255,30.016666666666666,2025-11-08T19:46:32Z,165.1,181.0,,,
16397328671,Kick into tempo,Swim,1.1659000000000002,21.35,2025-11-08T19:04:45Z,144.9,183.0,,,
16394082522,Morning Walk,Walk,0.8361000000000001,15.0,2025-11-08T13:24:16Z,82.6,93.0,,,
16384786490,Day 1 of winter functional strength training,WeightTraining,,30.783333333333335,2025-11-07T15:02:37Z,141.6,184.0,,,
16384463411,Try for 30 laps 1/ minute,Swim,1.2802,30.333333333333332,2025-11-07T14:22:46Z,132.4,154.0,,,
16373342206,Morning Walk,Walk,2.2768,26.283333333333335,2025-11-06T12:18:18Z,100.4,142.0,,,
16373342396,Morning Run,Run,5.0303,29.666666666666668,2025-11-06T11:48:03Z,144.8,164.0,,,
16369337263,7 miles treadmill,Run,10.0839,67.01666666666667,2025-11-05T23:43:45Z,154.0,186.0,,,
16357316157,Beautiful fall evening,Run,11.3873,60.0,2025-11-04T21:14:19Z,159.2,178.0,,,
16343239463,Where's the run fitness,Run,4.3362,19.133333333333333,2025-11-03T16:52:05Z,170.4,191.0,,,
16341779340,Lolly gagging,Swim,1.0058,30.483333333333334,2025-11-03T13:56:54Z,141.9,181.0,,,
16335760842,"3x10 minutes, kick + strong, technique, strength sets",Swim,1.2344000000000002,29.966666666666665,2025-11-02T19:19:55Z,147.4,178.0,,,
16326140105,2x 5min threshold,Swim,1.463,27.366666666666667,2025-11-01T22:50:51Z,,,,,
16326114598,Evening Swim,Swim,1.4402000000000001,30.283333333333335,2025-11-01T22:49:50Z,125.2,155.0,,,
16323831123,Afternoon Run,Run,0.595,3.6666666666666665,2025-11-01T17:10:48Z,108.6,129.0,,,
16292474378,RPE 0 / 6 breath stroke. Pull buoy recovery swim,Swim,1.463,30.5,2025-10-29T13:23:26Z,129.7,143.0,,,
16287710209,Easy transition back,Run,3.68,30.066666666666666,2025-10-29T00:11:54Z,122.7,145.0,,,
16281921028,3x10 min technique and strength paddles,Swim,0.9601000000000001,29.35,2025-10-28T13:31:44Z,148.3,181.0,,,
16271850182,Back to regularly scheduled programming,Swim,0.9372999999999999,29.683333333333334,2025-10-27T14:11:22Z,134.5,169.0,,,
16255670167,IM 70.3 NC Run,Run,20.753,101.18333333333334,2025-10-25T15:21:02Z,178.0,192.0,,,
16255670116,Lunch Workout,Workout,0.07,0.8833333333333333,2025-10-25T15:17:31Z,138.7,154.0,,,
16255670264,IM 70.3 NC Bike,Ride,90.8749,172.73333333333332,2025-10-25T12:23:13Z,144.0,175.0,176.5,522.0,183.0
16255670091,Morning Workout,Workout,0.875,5.333333333333333,2025-10-25T12:15:30Z,172.1,188.0,,,
16255670118,IM 70.3 NC Swim,Swim,1.9135,30.766666666666666,2025-10-25T11:44:43Z,155.7,174.0,,,
16236134282,Afternoon Run,Run,3.8885,19.916666666666668,2025-10-23T21:26:15Z,156.1,179.0,,,
16205770437,Afternoon Walk,Walk,2.8096,35.43333333333333,2025-10-20T21:52:52Z,85.9,109.0,,,
16183783477,90 minute jog,Run,12.6437,92.05,2025-10-18T17:19:16Z,137.4,151.0,,,
16181907748,"20minutes tempo, 7 minutes easy, 3 minutes kick",Swim,1.3259,30.016666666666666,2025-10-18T14:48:04Z,122.3,151.0,,,
16174998948,Easy spin with 5x1min threshold pickups,VirtualRide,30.263,60.5,2025-10-17T23:37:41Z,,,179.3,437.0,191.0
16168606406,"8x100 hard (for me), 15s rest",Swim,1.4173,27.25,2025-10-17T10:25:22Z,135.2,163.0,,,
16153814658,Evening swim,Swim,1.175,29.566666666666666,2025-10-15T21:34:14Z,135.8,173.0,,,
16147730181,Enough to not forget how to run,Run,9.7548,59.983333333333334,2025-10-15T10:03:45Z,135.7,161.0,,,
16140350152,"2x10min at 250W, 40min easy",VirtualRide,24.9292,60.43333333333333,2025-10-14T16:39:54Z,,,179.5,279.0,202.0
16137528793,Morning 30 minutes,Swim,5.0,29.966666666666665,2025-10-14T12:39:45Z,109.2,131.0,,,
16128784853,Easy 30,Swim,0.85,30.0,2025-10-13T16:16:00Z,132.6,160.0,,,
16125787559,The Tomatoes are Jarred,Run,12.6331,61.0,2025-10-13T10:02:57Z,154.9,190.0,,,
16120858406,30 spin,VirtualRide,9.1015,25.0,2025-10-12T18:16:55Z,,,81.5,211.0,89.0
16120858878,30 spin,Ride,,30.0,2025-10-12T18:11:10Z,94.0,109.0,,,
16098771678,3h with 9x10min 70.3 intervals,VirtualRide,106.799,180.91666666666666,2025-10-10T16:38:55Z,,,204.8,358.0,217.0
16080026207,GSK + Flatiron + Bull City Run Club,Run,22.1309,116.38333333333334,2025-10-08T20:44:16Z,169.1,197.0,,,
16068436194,Threshold 3 minute intervals,VirtualRide,33.3082,60.483333333333334,2025-10-07T21:23:03Z,,,191.2,307.0,238.0
16046829002,"""Zone 2""",Run,7.0426,35.2,2025-10-05T21:59:12Z,156.6,178.0,,,
16031133116,Mamba Endurance Run,Run,18.756400000000003,90.38333333333334,2025-10-04T12:08:37Z,163.4,197.0,,,
16020353157,Easy Friday!,Swim,0.45,30.1,2025-10-03T13:16:29Z,116.5,169.0,,,
16014007031,30 easy with a little faster at end,Swim,1.675,30.833333333333332,2025-10-02T20:41:53Z,130.3,151.0,,,
16010853048,Over Unders,VirtualRide,37.5255,60.61666666666667,2025-10-02T14:48:49Z,,,234.5,367.0,261.0
16004537055,Hills,Run,8.312899999999999,60.25,2025-10-01T23:15:19Z,142.9,166.0,,,
15998336955,100s hard,Swim,1.275,30.883333333333333,2025-10-01T12:58:32Z,148.4,184.0,,,
15992904992,3x10min LS Yellow Day,VirtualRide,30.5958,60.45,2025-09-30T22:44:04Z,,,201.5,299.0,218.0
15986893012,"Technique paddles, strength paddles, and kick",Swim,1.0,30.4,2025-09-30T13:05:12Z,138.8,174.0,,,
15977918754,30 continuous,Swim,1.5675,30.0,2025-09-29T17:06:52Z,,,,,
15969205712,Burnt out,Run,21.3552,106.63333333333334,2025-09-28T17:06:41Z,164.8,191.0,,,
15956709225,Huffin n puffin,Run,11.1625,61.05,2025-09-27T17:36:17Z,148.6,169.0,,,
15946717523,Try to move body after 3 days of sickness,Walk,2.3251,38.43333333333333,2025-09-26T21:39:44Z,88.4,115.0,,,
15924442554,Recovery spin,VirtualRide,23.4073,60.516666666666666,2025-09-24T17:33:33Z,,,86.7,370.0,113.0
15915887817,Easy 45 to round out 2h,VirtualRide,22.811,45.766666666666666,2025-09-23T23:22:02Z,,,184.8,375.0,194.0
15908498911,5x10s,Run,16.5505,78.53333333333333,2025-09-23T10:07:22Z,170.3,199.0,,,
15901434291,Easy with 12x20s pickups,VirtualRide,49.2333,90.75,2025-09-22T16:54:18Z,,,180.7,404.0,202.0
15899127942,30 minutes technique and strength,Swim,0.975,30.233333333333334,2025-09-22T13:06:20Z,132.5,164.0,,,
15892536767,5x5x5s,Run,12.8147,60.03333333333333,2025-09-21T18:49:45Z,163.9,192.0,,,
15880152287,"""Melange""",VirtualRide,56.369099999999996,92.51666666666667,2025-09-20T17:51:05Z,,,230.6,438.0,246.0
15880512843,Morning Walk,Walk,3.0104,39.166666666666664,2025-09-20T12:17:16Z,84.9,139.0,,,
15863927409,1h of the easiest riding ever witnessed,VirtualRide,15.242700000000001,60.36666666666667,2025-09-19T10:35:03Z,,,73.7,292.0,87.0
15847383223,Flatiron Statistician Run,Run,8.2781,50.03333333333333,2025-09-17T20:40:13Z,140.5,152.0,,,
15841968254,1h10 EZ + 30min SST,VirtualRide,43.350300000000004,100.8,2025-09-17T10:51:53Z,,,149.1,406.0,203.0
15830018939,1h relaxed,VirtualRide,28.0132,61.6,2025-09-16T11:17:31Z,,,137.7,427.0,162.0
15825213528,3x10min w/kicking,Swim,1.225,29.966666666666665,2025-09-15T23:08:58Z,146.8,191.0,,,
15823245208,Some lactate work,VirtualRide,35.276,60.916666666666664,2025-09-15T18:54:26Z,,,208.9,506.0,236.0
15806395011,Wake up early to watch IM World Championship,VirtualRide,82.39089999999999,152.6,2025-09-14T07:34:40Z,,,169.7,540.0,195.0
15789275895,6x10 mins at tempo-ish power,VirtualRide,70.0561,120.93333333333334,2025-09-12T17:09:07Z,,,203.0,288.0,218.0
15786233356,30min some paddle work for strength,Swim,1.525,30.066666666666666,2025-09-12T13:12:58Z,112.2,150.0,,,
15773460084,Early 30 on the tread,Run,4.0325,30.016666666666666,2025-09-11T10:09:39Z,121.3,135.0,,,
15769198861,1hr spin legs,Ride,,60.03333333333333,2025-09-10T21:37:37Z,104.2,129.0,,,
15758625167,"1hr away from office, 1hr back",Run,21.500700000000002,120.0,2025-09-09T21:28:32Z,151.0,184.0,,,
15743393090,3x10min low tempo,VirtualRide,35.749300000000005,61.71666666666667,2025-09-08T17:38:59Z,,,200.4,257.0,218.0
15740286621,Drillz,Swim,0.975,30.066666666666666,2025-09-08T13:38:58Z,137.3,182.0,,,
15721416200,Easy time on the saddle,VirtualRide,55.9156,121.51666666666667,2025-09-06T18:07:37Z,,,137.6,638.0,164.0
15710412228,Paddles 20min,Swim,1.1,30.516666666666666,2025-09-05T22:21:16Z,125.5,162.0,,,
15699006838,Pacer B Group Ride,VirtualRide,42.414,60.733333333333334,2025-09-04T19:48:15Z,,,266.3,501.0,269.0
15692994047,60 care-free minutes,Swim,,60.0,2025-09-04T10:00:26Z,,,,,
15689361785,Evening stroll,Run,11.3712,60.88333333333333,2025-09-03T23:12:00Z,146.6,164.0,,,
15686541255,VO2 intervals,VirtualRide,35.6088,62.166666666666664,2025-09-03T17:46:55Z,,,196.2,500.0,252.0
15685341511,Pre-work swim,Swim,,30.0,2025-09-03T16:50:36Z,,,,,
15665352777,30 minutes spin recovery,VirtualRide,12.786100000000001,30.65,2025-09-01T23:25:27Z,,,89.6,192.0,95.0
15660744478,Labor Day run with sister,Run,12.5121,63.05,2025-09-01T15:06:44Z,159.2,182.0,,,
15653653800,3x20min progressive to 21km,Run,21.144299999999998,103.15,2025-08-31T19:30:39Z,164.4,190.0,,,
15641238328,Wife and kids are napping,VirtualRide,56.2333,124.95,2025-08-30T17:50:21Z,,,133.7,446.0,162.0
15637535006,Morning Walk,Walk,1.8668,25.316666666666666,2025-08-30T13:20:38Z,86.4,137.0,,,
15637101960,Morning Walk,Walk,1.8488,24.633333333333333,2025-08-30T12:29:14Z,82.3,93.0,,,
15630214098,Easy hour,VirtualRide,35.6753,67.83333333333333,2025-08-29T19:40:13Z,,,180.0,669.0,195.0
15626624599,Pre-work swim,Swim,0.95,30.066666666666666,2025-08-29T13:11:53Z,130.9,158.0,,,
15619870257,Recovery but with some easy efforts,VirtualRide,33.3585,60.93333333333333,2025-08-28T18:55:18Z,,,203.6,253.0,220.0
15610336881,Cool down from bull city run club,Run,1.093,5.85,2025-08-27T22:59:37Z,175.0,185.0,,,
15610336930,Bull city run club 6 mile group,Run,10.2337,46.15,2025-08-27T22:04:12Z,174.1,192.0,,,
15609706419,Warm up for Bull City Run Club,Run,0.9913,5.483333333333333,2025-08-27T21:41:05Z,134.3,149.0,,,
15598559973,60 min kicking and continuous laps,Swim,2.6,60.166666666666664,2025-08-26T22:07:24Z,137.6,166.0,,,
15584073280,3x10 at IM power,VirtualRide,33.2966,60.86666666666667,2025-08-25T17:33:04Z,,,200.1,374.0,217.0
15574607779,3x20 min progressive,Run,21.247700000000002,102.3,2025-08-24T18:42:40Z,166.7,191.0,,,
15563383641,Pool closed mid swim,Swim,0.575,17.033333333333335,2025-08-23T23:15:15Z,132.7,165.0,,,
15551005258,Back to the hills,Run,6.8374,33.86666666666667,2025-08-22T17:21:58Z,168.3,184.0,,,
15535341169,Going thru the motions,Run,11.027700000000001,60.75,2025-08-21T11:02:35Z,146.4,167.0,,,
15523817715,"""Force yourself to spin your legs for an hour"" type of workout",Ride,20.2355,60.03333333333333,2025-08-20T11:18:57Z,,,90.1,206.0,99.0
15488647083,Morning tour of the island,Run,12.014700000000001,67.85,2025-08-17T10:06:06Z,150.3,175.0,,,
15488647407,Course recy for 70.3 North Carolina,Run,19.0227,103.58333333333333,2025-08-16T17:30:55Z,168.8,199.0,,,
15471813831,Ironman to 5k,Run,4.0675,18.133333333333333,2025-08-15T21:54:47Z,167.5,183.0,,,
15434561969,Lazy hills,Run,7.3184,40.4,2025-08-12T15:31:56Z,154.3,173.0,,,
15433171051,30 minutes with buoy,Swim,1.5,29.716666666666665,2025-08-12T13:03:44Z,139.5,161.0,,,
15426922403,30 mins in the pool,Swim,1.5,30.133333333333333,2025-08-11T23:32:21Z,126.6,152.0,,,
15424959391,VO2 max intervals into 30min easy,VirtualRide,47.9765,90.53333333333333,2025-08-11T18:10:59Z,,,182.1,395.0,235.0
15415335294,Afternoon Run,Run,0.7216,6.016666666666667,2025-08-10T21:22:56Z,117.4,132.0,,,
15414775979,Short speed/tempo workout,Run,0.8632000000000001,6.95,2025-08-10T19:53:07Z,148.2,171.0,,,
15414772307,Short speed workout,Run,5.1528,20.716666666666665,2025-08-10T19:18:30Z,176.8,201.0,,,
15403543618,30 minute swim,Swim,0.025,29.55,2025-08-09T20:52:03Z,121.1,145.0,,,
15402975008,"M&B, family run",Run,0.7148,6.3,2025-08-09T19:39:53Z,105.4,122.0,,,
15386425451,Friday,VirtualRide,28.9129,60.36666666666667,2025-08-08T10:04:05Z,,,153.7,429.0,189.0
15379624921,60 easy,VirtualRide,30.3945,61.31666666666667,2025-08-07T17:04:51Z,,,132.2,308.0,136.0
15359435870,Hill reps 60',Run,17.0579,90.03333333333333,2025-08-05T21:40:33Z,154.6,177.0,,,
15335061058,Benedetta's first run,Run,0.6342000000000001,5.533333333333333,2025-08-03T20:29:07Z,125.3,137.0,,,
15334947885,Run with Greg,Run,11.5224,58.78333333333333,2025-08-03T18:49:31Z,155.6,178.0,,,
15318154817,"""Get off the road and find a hilly trail""",Run,14.289,76.26666666666667,2025-08-02T10:03:17Z,146.2,166.0,,,
15312179530,Strength Endurance [3h-3h30m],VirtualRide,56.9411,105.98333333333333,2025-08-01T19:08:01Z,,,192.1,301.0,215.0
15309732400,Strength Endurance [3h-3h30m],VirtualRide,50.0761,85.2,2025-08-01T14:26:55Z,,,224.1,315.0,235.0
15301589346,Squeezing in another swim before 2026,Swim,1.325,30.133333333333333,2025-07-31T19:18:38Z,121.2,140.0,,,
15298681668,60 easy minutes,VirtualRide,27.137900000000002,60.95,2025-07-31T14:10:54Z,,,107.9,263.0,112.0
15292486286,Zwift - Lionel Sanders' Yellow Day Workout on Flat Route in Watopia,VirtualRide,40.172,70.55,2025-07-30T23:13:39Z,,,209.9,486.0,222.0
15289317599,Zwift - Aerobic Sustainability on Flat Route in Watopia,VirtualRide,30.7252,50.53333333333333,2025-07-30T17:06:43Z,,,240.9,374.0,251.0
15276687301,Hill repeats 1h30,Run,17.7965,90.25,2025-07-29T14:41:19Z,161.4,192.0,,,
15267390893,50 min in a jungle,Run,8.4602,43.95,2025-07-28T19:17:51Z,162.7,185.0,,,
15264402325,Lactate Shuttling 5 x 9' [1h25m-1h45m],VirtualRide,21.682299999999998,37.416666666666664,2025-07-28T14:42:49Z,,,233.6,353.0,255.0
15263541976,Lactate Shuttling 5 x 9' [1h25m-1h45m],VirtualRide,34.1277,55.53333333333333,2025-07-28T12:56:24Z,,,256.1,378.0,270.0
15257718479,Zwift - Rolling Hills #1 on Tempus Fugit in Watopia,VirtualRide,35.592800000000004,60.416666666666664,2025-07-27T19:54:11Z,,,215.2,304.0,228.0
15247172734,Apparently lazy KMs count too,Run,11.594899999999999,60.75,2025-07-26T22:44:31Z,157.9,180.0,,,
15234964068,Zwift - Micro Into Threshold on Tempus Fugit in Watopia,VirtualRide,34.8621,63.3,2025-07-25T18:53:55Z,,,186.5,403.0,221.0
15215296240,Bull city run club,Run,5.1259,23.033333333333335,2025-07-23T22:05:54Z,170.5,188.0,,,
15207780160,60 mins easy,Ride,20.0817,60.0,2025-07-23T09:27:01Z,,,134.7,367.0,142.0
15188804266,Lactate Shuttling 3 x 12' [1h15m-1h45m],VirtualRide,56.796800000000005,90.58333333333333,2025-07-21T15:43:38Z,,,243.1,378.0,260.0
15170710690,45 easy mins on the treadmill to finish off 2h today,VirtualRun,7.0,45.0,2025-07-19T23:10:20Z,,,,,
15164367464,"VO2 Max Pyramid 2,3,4,5,4,3,2",Run,16.3033,75.01666666666667,2025-07-19T10:04:16Z,163.1,194.0,,,
15158513307,3h on saddle,VirtualRide,100.619,181.01666666666668,2025-07-18T16:51:04Z,,,180.1,339.0,185.0
15143047822,Easy ride [OPTIONAL],Ride,,60.0,2025-07-17T10:18:48Z,,,99.2,121.0,99.0
15139260015,Finish off 1h30 on the day with easy treadmill,Run,6.1377,45.18333333333333,2025-07-16T23:40:40Z,136.1,167.0,,,
15138629271,First time at Bull City Run Club,Run,9.8025,46.483333333333334,2025-07-16T22:07:00Z,170.4,189.0,,,
15127853617,Endurance ride (Aerobic Threshold/LT1) [1h30m-2h],Ride,,108.1,2025-07-15T22:15:04Z,,,206.6,250.0,217.0
15116360778,"Easy 40 minutes with 6x10"" strides",Run,7.6536,40.56666666666667,2025-07-14T23:24:10Z,156.3,169.0,,,
15113314445,VO2max intervals 6 x 4',VirtualRide,46.776900000000005,75.71666666666667,2025-07-14T16:44:46Z,,,237.5,368.0,263.0
15105046004,Track work I found on Instagram,Run,6.943,27.783333333333335,2025-07-13T20:31:44Z,170.7,193.0,,,
15093251657,Ease back in,VirtualRide,38.0545,65.28333333333333,2025-07-12T19:02:38Z,,,200.9,388.0,223.0
15050604398,Treadmill easy 30,Run,4.3713999999999995,31.25,2025-07-08T20:54:19Z,136.2,158.0,,,
15049813816,Run with B scootering,Run,1.2076,14.6,2025-07-08T19:11:43Z,106.1,125.0,,,
15039587821,Easy ride,Ride,,60.0,2025-07-07T21:04:11Z,,,176.5,180.0,177.0
15013476431,"Pyramid 2,3,4,5 [5,4,3,2]",Run,8.780299999999999,41.266666666666666,2025-07-05T10:09:52Z,149.2,182.0,,,
15009619621,"Aerobic Development [3h-3h30m] , pt 2/2",VirtualRide,37.3256,65.66666666666667,2025-07-04T23:19:00Z,,,216.6,268.0,222.0
15003297658,"Aerobic Development [3h-3h30m] , pt 1/2",VirtualRide,76.8664,130.43333333333334,2025-07-04T09:01:18Z,,,210.1,598.0,219.0
14998245254,1h recovery ride,VirtualRide,25.1653,60.56666666666667,2025-07-03T19:07:50Z,,,127.3,276.0,134.0
14986202407,Endurance intervals,VirtualRide,52.113800000000005,90.6,2025-07-02T16:20:40Z,,,221.5,297.0,226.0
14979000124,1h30 easy/steady,Run,17.5478,90.3,2025-07-01T23:18:42Z,159.0,183.0,,,
14967745478,35m easy,Run,6.5102,34.78333333333333,2025-06-30T23:30:30Z,152.7,165.0,,,
14964798579,VO2 Primer then easy for most of ride,VirtualRide,40.0922,71.71666666666667,2025-06-30T16:47:21Z,,,175.7,367.0,190.0
14945074924,"""Easy"" run",Run,6.2773,32.0,2025-06-28T17:46:55Z,166.5,190.0,,,
14941943547,"VO2 Pyramid: 1,2,3,4,4,3,2,1",Run,15.591,71.51666666666667,2025-06-28T10:05:07Z,170.9,198.0,,,
14933011099,1h endurance,VirtualRide,35.955,60.71666666666667,2025-06-27T14:21:26Z,,,206.7,401.0,219.0
14925329767,Ease back in,VirtualRide,35.7482,60.43333333333333,2025-06-26T18:24:00Z,,,210.0,387.0,231.0
14858096517,Morning Walk,Walk,2.0686,30.716666666666665,2025-06-20T08:09:06Z,75.8,90.0,,,
14853627399,Night Walk,Walk,2.9944,51.25,2025-06-19T19:03:15Z,89.0,120.0,,,
14852422910,Afternoon Walk,Walk,3.1534,45.4,2025-06-19T15:28:46Z,83.3,114.0,,,
14828269219,Heavy legs,Run,15.0016,78.6,2025-06-17T13:08:36Z,157.3,174.0,,,
14822316464,"35' with 6x15"" hill sprints",VirtualRun,,35.0,2025-06-16T23:12:29Z,,,,,
14820096685,VO2max intervals 6 x 3' @ 360W + 20min cool down,VirtualRide,48.8836,81.35,2025-06-16T17:39:27Z,,,216.5,367.0,255.0
14811508178,Endurance + tempo,Run,15.7379,75.85,2025-06-15T18:48:46Z,165.3,190.0,,,
14809626129,Lunch Walk,Walk,3.2674000000000003,42.583333333333336,2025-06-15T15:39:18Z,81.6,125.0,,,
14801904179,1h free ride,VirtualRide,26.848599999999998,46.95,2025-06-15T00:15:50Z,,,217.4,440.0,235.0
14801602281,1h free ride,VirtualRide,7.7213,13.566666666666666,2025-06-15T00:00:06Z,,,211.9,438.0,232.0
14781741462,15' cool down,VirtualRide,6.2214,15.283333333333333,2025-06-12T23:18:11Z,,,101.9,219.0,103.0
14781617743,Zwift - Race: Zwift Crit Racing Club - Neokyo Crit Course (C) on Neokyo Crit Course in Makuri Islands,VirtualRide,20.094,30.283333333333335,2025-06-12T22:42:29Z,,,298.3,671.0,301.0
14781388023,Zwift - Pacer Group Ride: Cobbled Climbs in Richmond with Coco,VirtualRide,7.376399999999999,15.183333333333334,2025-06-12T22:23:04Z,,,218.4,476.0,245.0
14771132031,Pacer Group D lol,VirtualRide,16.620900000000002,45.95,2025-06-11T22:09:48Z,,,136.8,366.0,153.0
14760677157,1h30 surgey tempo ride - Jacque B group,VirtualRide,55.3375,90.81666666666666,2025-06-10T22:36:06Z,,,223.8,838.0,243.0
14759570985,Maddalena scooter ride walk,Walk,2.1253,30.05,2025-06-10T20:56:25Z,81.5,100.0,,,
14749776158,1h easy/recovery watts,VirtualRide,33.2474,60.666666666666664,2025-06-09T22:42:27Z,,,181.7,347.0,183.0
14739632374,35 minute extra,Ride,14.5515,40.016666666666666,2025-06-09T00:04:27Z,,,163.8,276.0,174.0
14738145922,2h easy/endurance,VirtualRide,48.850199999999994,83.36666666666666,2025-06-08T18:31:03Z,,,194.9,272.0,202.0
14737513025,Zwift - Endurance ride [2h30m-3h15m] (1) on Shorelines and Summits in Watopia,VirtualRide,9.4641,16.866666666666667,2025-06-08T18:11:46Z,,,173.8,271.0,187.0
14738174505,2h easy/endurance,Ride,,120.83333333333333,2025-06-08T17:53:55Z,94.9,101.0,,,
14728540975,RPE Easy,Run,8.1837,43.85,2025-06-07T19:07:42Z,150.1,171.0,,,
14712703392,Threshold intervals,Run,6.754899999999999,34.083333333333336,2025-06-06T10:22:15Z,153.9,181.0,,,
14699836815,Threshold intervals,Ride,,72.61666666666666,2025-06-04T23:16:38Z,,,214.1,368.0,228.0
14698489648,Easy 30',Run,5.9665,29.733333333333334,2025-06-04T20:45:10Z,159.3,185.0,,,
14698526160,Endurance 60',VirtualRide,,60.0,2025-06-04T00:00:00Z,,,,,
14688145757,Afternoon Walk,Walk,1.9807000000000001,21.616666666666667,2025-06-03T21:35:29Z,87.0,114.0,,,
14678203660,Easy run w/ strides,Run,8.385200000000001,45.13333333333333,2025-06-03T00:11:07Z,144.2,170.0,,,
14666257494,Afternoon Walk,Walk,4.2569,62.15,2025-06-01T17:06:19Z,77.2,98.0,,,
14662497306,Morning Walk,Walk,1.4202000000000001,21.416666666666668,2025-06-01T12:39:19Z,82.4,109.0,,,
14661167906,Morning Walk,Walk,1.6369,23.216666666666665,2025-06-01T10:46:50Z,79.9,109.0,,,
14643184191,45' easy with a few pickups,Run,6.764,45.016666666666666,2025-05-30T16:06:38Z,73.1,76.0,,,
14632837946,60' easy,VirtualRide,27.2235,60.583333333333336,2025-05-29T15:21:58Z,,,121.5,381.0,129.0
14625939014,8x1' threshold intervals,VirtualRide,36.558099999999996,60.6,2025-05-28T23:00:25Z,,,226.7,436.0,238.0
14614732070,Endurance ride [45m-1h15m],VirtualRide,34.1884,60.53333333333333,2025-05-27T20:22:36Z,,,212.1,405.0,210.0
14604324969,Graeters walk,Walk,4.6066,64.96666666666667,2025-05-26T19:09:17Z,92.1,114.0,,,
14603184956,Run with strides,Run,7.507,34.8,2025-05-26T18:00:10Z,163.3,181.0,,,
14599722011,Morning Walk,Walk,1.773,28.066666666666666,2025-05-26T12:15:30Z,78.0,96.0,,,
14594901566,Easy hour,VirtualRide,26.4455,60.43333333333333,2025-05-25T20:08:13Z,,,130.2,253.0,130.0
14581032894,Scooter walk,Walk,2.691,41.03333333333333,2025-05-24T14:05:46Z,79.3,110.0,,,
14578449128,Cool down,Run,0.38839999999999997,2.183333333333333,2025-05-24T10:50:54Z,114.6,132.0,,,
14578462480,Norwegian method,Run,6.0791,27.3,2025-05-24T10:13:50Z,119.2,149.0,,,
14555177593,4-mins of work,Run,9.9926,49.733333333333334,2025-05-21T21:01:26Z,166.6,188.0,,,
14545784852,Stationary bike 60 mins easy,Ride,,60.21666666666667,2025-05-20T23:23:34Z,106.4,139.0,,,
14533467473,Afternoon Walk,Walk,2.6900999999999997,40.416666666666664,2025-05-19T20:59:32Z,82.5,119.0,,,
14530699709,Easy jog,Run,9.4863,48.583333333333336,2025-05-19T15:42:23Z,149.8,172.0,,,
14509106696,Triple T - Race 2 - Run,Run,9.4672,44.65,2025-05-17T13:37:18Z,161.3,182.0,,,
14509106658,Morning Workout,Workout,0.0475,0.5,2025-05-17T13:36:15Z,138.3,143.0,,,
14509106789,Triple T - Race 2 - Bike,Ride,40.246,85.78333333333333,2025-05-17T12:10:28Z,156.0,178.0,220.7,621.0,238.0
14509106653,Morning Workout,Workout,0.17,1.4,2025-05-17T12:07:14Z,157.8,170.0,,,
14509106671,Triple T - Race 2 - Swim,Swim,1.4504000000000001,34.86666666666667,2025-05-17T11:32:22Z,134.8,160.0,,,
14502079826,Triple T - Race 1 - Run,Run,1.6531,6.716666666666667,2025-05-16T21:16:47Z,185.8,191.0,,,
14502079809,Afternoon Workout,Workout,0.0395,0.3333333333333333,2025-05-16T21:15:59Z,171.8,174.0,,,
14502079823,Triple T - Race 1 - Bike,Ride,4.6286000000000005,9.616666666666667,2025-05-16T21:06:21Z,177.9,185.0,225.8,480.0,249.0
14502079832,Afternoon Workout,Workout,0.0531,0.6333333333333333,2025-05-16T21:05:41Z,169.3,175.0,,,
14502079815,Triple T - Race 1 - Swim,Swim,0.31010000000000004,4.9,2025-05-16T21:00:46Z,128.5,175.0,,,
14493017122,Afternoon Walk,Walk,1.0035,15.683333333333334,2025-05-15T21:47:41Z,81.0,101.0,,,
14492787774,Afternoon Walk,Walk,0.7737,13.016666666666667,2025-05-15T21:09:55Z,81.0,104.0,,,
14483798497,Easy 30 mins pt. 2,VirtualRide,15.1944,30.5,2025-05-14T23:48:34Z,,,133.7,520.0,146.0
14480137292,Easy 30min,VirtualRide,14.5853,30.366666666666667,2025-05-14T16:47:34Z,,,184.1,190.0,183.0
14468901447,Easy hour,VirtualRide,33.1319,60.6,2025-05-13T16:08:31Z,,,183.8,283.0,184.0
14460752188,Easy hour,VirtualRide,32.982800000000005,60.43333333333333,2025-05-12T21:07:58Z,,,184.1,241.0,184.0
14449408573,Supposed to be 4xK fast,Run,6.0668999999999995,27.35,2025-05-11T17:11:23Z,162.9,182.0,,,
14449107362,Test ride the new TT bike,Ride,5.328399999999999,15.183333333333334,2025-05-11T16:40:47Z,131.7,155.0,114.1,378.0,137.0
14439248177,Progressive into sprint intervals into 10min steady,VirtualRide,19.009400000000003,30.7,2025-05-10T18:48:30Z,,,230.4,474.0,242.0
14439647371,Easy 1h-ish,Run,11.430200000000001,55.21666666666667,2025-05-10T19:26:25Z,161.2,174.0,,,
14413475589,30 minutes is the new 2h,Run,5.8678,31.733333333333334,2025-05-08T09:01:44Z,147.4,168.0,,,
14400712189,Gotta start paying attention to GAP,Run,11.8007,60.7,2025-05-06T23:25:10Z,159.2,178.0,,,
14388139989,Easy Hour,VirtualRide,26.7849,60.86666666666667,2025-05-05T18:42:55Z,,,183.2,264.0,184.0
14379501578,Finish off the 60mins on the tread,Run,3.4271,23.2,2025-05-04T20:32:20Z,140.5,144.0,,,
14379501065,Caught in the storm,Run,6.8253,37.05,2025-05-04T19:51:44Z,147.3,158.0,,,
14368692617,Treadmill jog,Run,9.022200000000002,60.06666666666667,2025-05-03T19:37:51Z,130.4,138.0,,,
14353224917,TT intervals,VirtualRide,36.2005,60.2,2025-05-02T10:25:07Z,,,213.1,314.0,226.0
14349561505,Emily's Short Mix,VirtualRide,17.6689,31.033333333333335,2025-05-01T23:18:30Z,,,215.6,389.0,264.0
14342369298,Morning swim,Swim,0.9144,19.266666666666666,2025-05-01T10:40:55Z,,,,,
14338191249,Back into the TT position,VirtualRide,35.9519,60.45,2025-04-30T23:23:17Z,,,219.5,319.0,225.0
14316872789,Nothing fun about it,Run,6.8852,48.75,2025-04-28T21:36:25Z,130.0,163.0,,,
14305872905,Run by feel,Run,12.171100000000001,56.25,2025-04-27T17:51:50Z,170.3,189.0,,,
14294931962,Zwift - Lionel Sanders' Yellow Day Workout on Sand And Sequoias in Watopia,VirtualRide,33.9357,60.63333333333333,2025-04-26T18:33:12Z,,,208.0,405.0,219.0
14235757014,Family Easter Run,Run,11.678600000000001,60.733333333333334,2025-04-20T17:34:06Z,154.6,172.0,,,
14226378040,Who knows,Run,12.8154,63.7,2025-04-19T18:18:27Z,168.1,182.0,,,
14223162407,Morning Walk,Walk,2.5862,36.06666666666667,2025-04-19T12:29:47Z,86.6,109.0,,,
14207752450,Afternoon Walk,Walk,2.8101,45.81666666666667,2025-04-17T21:36:53Z,80.9,124.0,,,
14202310272,Post swim elliptical,Elliptical,5.2,30.0,2025-04-17T10:43:25Z,,,,,
14201947731,"""In The Flow"" Workout",Swim,2.1946,43.78333333333333,2025-04-17T09:36:53Z,,,,,
14198174064,Afternoon Walk,Walk,1.6810999999999998,23.05,2025-04-16T21:30:05Z,95.2,114.0,,,
14192981308,Descending FTP intervals,VirtualRide,37.468199999999996,61.06666666666667,2025-04-16T10:25:39Z,139.0,171.0,224.8,389.0,255.0
14187076861,Good way to spend the last day before new job,Run,14.7275,73.55,2025-04-15T17:03:44Z,161.3,176.0,,,
14184410686,"""Body Position # 1 | Fundamentals"" Workout",Swim,1.7602,37.95,2025-04-15T12:55:26Z,,,,,
14175131335,Post swim elliptical shake out,Elliptical,2.586,60.88333333333333,2025-04-14T13:56:08Z,123.0,156.0,,,
14174566441,"""Recover With Great Technique"" Workout",Swim,1.2802,25.45,2025-04-14T13:09:42Z,,,,,
14169334868,2mi progressive intervals,Run,15.5125,71.33333333333333,2025-04-13T18:45:25Z,167.6,183.0,,,
14159107155,"4x {5mins progressive , 5 easy recovery}",Run,13.2196,60.766666666666666,2025-04-12T18:57:02Z,162.1,187.0,,,
14145980333,Saddle time 60m,VirtualRide,32.8769,60.46666666666667,2025-04-11T12:45:54Z,,,182.8,412.0,194.0
14144331880,"""Endurance Sample 2"" Workout",Swim,1.8288,33.88333333333333,2025-04-11T09:38:27Z,,,,,
14135087442,"""Just Keep Swimming"" Workout",Swim,1.9202000000000001,35.96666666666667,2025-04-10T09:46:16Z,,,,,
14125675398,Surges on Ironman power recovery,VirtualRide,35.7692,59.016666666666666,2025-04-09T10:29:52Z,155.3,173.0,231.7,440.0,239.0
14114768033,Drills,Swim,1.6,40.75,2025-04-08T09:48:59Z,129.4,159.0,,,
14105479541,60min free ride,VirtualRide,24.1783,40.516666666666666,2025-04-07T10:41:07Z,144.7,174.0,222.1,765.0,241.0
14101564845,Easy 60 with 1km fast,Run,12.053600000000001,60.0,2025-04-06T19:29:33Z,159.8,193.0,,,
14034073840,Evening Walk,Walk,0.415,3.3333333333333335,2025-03-30T16:34:26Z,93.3,98.0,,,
14027833522,Morning Walk,Walk,1.161,20.116666666666667,2025-03-30T07:42:06Z,72.0,96.0,,,
14023587621,Stroll thru Stresa,Walk,1.1956,20.266666666666666,2025-03-29T17:49:25Z,75.4,94.0,,,
13985138052,Airport walk during 8h layover in NY,Walk,0.2892,67.06666666666666,2025-03-25T17:20:54Z,71.1,90.0,,,
13971800305,Pyramid Ironman into 70.3 power,VirtualRide,36.819,60.483333333333334,2025-03-24T10:25:05Z,143.9,163.0,235.8,387.0,246.0
13967154581,Sunday shuffle,Run,12.4852,64.45,2025-03-23T17:09:58Z,150.5,170.0,,,
13957290090,Junk minutes,VirtualRide,31.1065,70.58333333333333,2025-03-22T17:30:59Z,97.1,117.0,108.0,248.0,116.0
13958241129,Gelato walk,Walk,6.2607,72.6,2025-03-22T19:41:26Z,88.0,109.0,,,
13949279179,Easy with 10 mins of work,Run,10.122399999999999,47.68333333333333,2025-03-21T22:19:40Z,176.5,194.0,,,
13934833240,Cool down,VirtualRide,8.702,22.333333333333332,2025-03-20T11:06:56Z,119.6,136.0,107.7,258.0,114.0
13934636304,Zwift Race... Cat E??,VirtualRide,24.5187,34.53333333333333,2025-03-20T10:30:20Z,167.5,186.0,288.8,526.0,293.0
13922063820,Easy 60,Run,10.7477,59.06666666666667,2025-03-18T23:24:12Z,152.9,166.0,,,
13906216481,Progressive LT1,Run,15.0266,67.45,2025-03-17T10:33:56Z,161.0,175.0,,,
13901911329,Little 8k,Run,8.0579,39.55,2025-03-16T18:15:53Z,158.4,170.0,,,
13893648956,Run/walk on tread,VirtualRun,6.6224,60.15,2025-03-15T23:00:36Z,124.5,152.0,,,
13883546811,Walk home from bus,Walk,2.4375999999999998,26.4,2025-03-14T21:01:48Z,93.0,117.0,,,
13879329895,Easy 60 + a little tempo at the end,Run,13.987,71.06666666666666,2025-03-14T10:31:58Z,153.1,177.0,,,
13876623868,1h free ride,VirtualRide,32.1205,60.56666666666667,2025-03-13T23:46:23Z,128.2,176.0,192.4,581.0,230.0
13857410213,"Easy 30, rnd 2",Run,5.6635,28.183333333333334,2025-03-11T23:27:19Z,160.5,169.0,,,
13850480321,Easy 30,Run,5.5157,28.716666666666665,2025-03-11T10:13:07Z,158.8,174.0,,,
13844273193,Dead legs and dressed way too warm,Run,11.0927,54.36666666666667,2025-03-10T16:22:18Z,163.7,180.0,,,
13827743717,Afternoon Walk,Walk,2.0017,30.516666666666666,2025-03-08T21:53:06Z,85.8,128.0,,,
13823786263,Morning Run,Run,12.6106,58.95,2025-03-08T13:10:08Z,174.7,195.0,,,
13814215034,Commute to,Ride,5.9473,17.566666666666666,2025-03-07T13:35:22Z,123.3,138.0,69.5,,
13808841166,70.3 work,VirtualRide,38.847300000000004,60.416666666666664,2025-03-06T19:46:15Z,157.4,174.0,251.0,337.0,262.0
13804001502,30 minute spin,VirtualRide,13.8016,30.2,2025-03-06T11:00:44Z,98.4,118.0,103.4,175.0,103.0
13785751737,Listened to new ProTriNews pod. And also jogged a little,Run,11.815100000000001,64.1,2025-03-04T11:23:21Z,151.2,167.0,,,
13776319624,4x4 at IM + a little fun at the end,VirtualRide,36.5634,60.63333333333333,2025-03-03T11:03:45Z,130.6,170.0,211.1,486.0,226.0
13772196353,4x5min,Run,10.1543,45.63333333333333,2025-03-02T18:52:28Z,170.0,185.0,,,
13762752242,Mindless riding turned into chasing PBs 😎,VirtualRide,34.7081,60.63333333333333,2025-03-01T19:54:01Z,138.8,177.0,202.2,810.0,220.0
13749712417,10 minutes of work and 50 minutes of moving my legs,VirtualRide,30.4785,60.833333333333336,2025-02-28T11:33:13Z,125.6,179.0,168.9,542.0,207.0
13708711914,Descending 2mi intervals + 3min recovery,Run,15.0012,67.8,2025-02-23T18:52:21Z,166.5,182.0,,,
13698397514,Cool down,Run,0.2345,1.2,2025-02-22T18:42:54Z,163.3,170.0,,,
13698396694,Pyramid with generous recovery,Run,10.6797,42.93333333333333,2025-02-22T17:26:38Z,175.4,199.0,,,
13677532178,Col Tri Club Thursday Ride,VirtualRide,43.0615,91.95,2025-02-20T10:35:11Z,140.0,174.0,220.0,367.0,245.0
13674588186,Lionel Sanders' Yellow Day Workout,VirtualRide,35.202400000000004,60.733333333333334,2025-02-20T00:12:31Z,123.2,156.0,205.6,254.0,220.0
13659075502,Col Tri Club Tuesday Workout,VirtualRide,35.7475,65.53333333333333,2025-02-18T10:35:16Z,147.1,179.0,243.7,710.0,273.0
13656211179,Recovery ride,VirtualRide,34.9664,60.5,2025-02-18T00:00:18Z,127.7,161.0,189.4,486.0,205.0
13647579994,Trying to make a bike equivalent of an easy run,VirtualRide,35.6158,60.583333333333336,2025-02-16T23:21:26Z,141.8,158.0,218.2,422.0,228.0
13638148496,Tempo into VO2 Max,VirtualRide,38.4991,60.36666666666667,2025-02-16T00:07:19Z,139.2,175.0,245.4,394.0,257.0
13624237398,Pt2,Run,1.6733,7.133333333333334,2025-02-14T11:49:38Z,171.4,181.0,,,
13624166568,Pt1 run. Supposed to be progressive,Run,6.6668,32.05,2025-02-14T11:13:28Z,164.9,183.0,,,
13615887759,Col Tri Club Thursday Ride,VirtualRide,29.3944,60.45,2025-02-13T10:35:03Z,140.5,161.0,226.1,364.0,236.0
13598149352,Watching other people do FTP intervals,VirtualRide,29.1988,60.53333333333333,2025-02-11T10:32:45Z,103.6,120.0,105.2,275.0,107.0
13586014107,Long run with Catholic guys,Run,24.1253,116.08333333333333,2025-02-09T18:02:33Z,158.3,189.0,,,
13577664265,Junk miles,VirtualRide,30.689,60.666666666666664,2025-02-09T00:21:30Z,106.3,127.0,132.7,342.0,136.0
13563589651,"4x {5min threshold, 5min jog}",Run,11.312,53.15,2025-02-07T11:30:05Z,162.1,184.0,,,
13554660663,Col Tri Club Thurs Ride,VirtualRide,28.0583,60.61666666666667,2025-02-06T10:42:39Z,119.2,167.0,173.4,491.0,198.0
13545823850,2x15min at 4:15/km + 5min recovery,Run,12.144,57.233333333333334,2025-02-05T11:14:44Z,167.2,187.0,,,
13536040258,Personalized training session from Dan Plews,VirtualRide,29.7382,63.4,2025-02-04T10:36:57Z,148.4,162.0,241.2,282.0,248.0
13522724852,Active recovery,VirtualRide,18.906200000000002,32.4,2025-02-02T18:46:21Z,137.7,164.0,232.5,340.0,253.0
13523741719,Afternoon Walk,Walk,2.0088,31.566666666666666,2025-02-02T21:29:17Z,81.4,106.0,,,
13513995507,Afternoon Walk,Walk,2.0007,33.833333333333336,2025-02-01T21:46:01Z,94.1,126.0,,,
13513150027,Garmin says..... Unproductive,Run,21.8856,102.48333333333333,2025-02-01T18:00:10Z,164.9,176.0,,,
13505240538,Afternoon Walk,Walk,2.2814,33.333333333333336,2025-01-31T22:04:59Z,79.3,101.0,,,
13491637806,"10x3min ""Tempo""",VirtualRide,30.6993,60.63333333333333,2025-01-30T10:38:47Z,149.3,170.0,233.6,308.0,257.0
13488092156,Family walk around the block,Walk,1.4342000000000001,18.166666666666668,2025-01-29T22:28:32Z,83.7,111.0,,,
13473347951,Col Tri Club Aerobic Power,VirtualRide,32.5667,60.56666666666667,2025-01-28T10:30:51Z,136.3,173.0,215.6,444.0,252.0
13461048734,Running without any goals,Run,12.581299999999999,62.333333333333336,2025-01-26T19:22:32Z,154.2,164.0,,,
13450270571,Mishmash,VirtualRide,56.5695,93.98333333333333,2025-01-25T15:24:49Z,144.0,170.0,229.2,404.0,245.0
13451943426,Inefficient trip to get my Whoop from RPAC,Run,10.1848,47.2,2025-01-25T20:17:28Z,166.0,180.0,,,
13442241191,"""Me Time"" Workout",Swim,0.9601000000000001,17.866666666666667,2025-01-24T19:22:01Z,,,,,
13430593763,2x15 minute @ 100% FTP,VirtualRide,32.0801,61.05,2025-01-23T10:35:01Z,,,262.9,429.0,290.0
13428005616,Cafe ride,VirtualRide,32.8628,60.516666666666666,2025-01-23T00:15:45Z,,,177.7,338.0,200.0
13412871243,Col Tri Club Tuesday ride,VirtualRide,30.5575,60.483333333333334,2025-01-21T10:33:21Z,,,141.7,426.0,170.0
13409406780,"""Dirty Teeth Drills""",VirtualRide,37.209199999999996,60.483333333333334,2025-01-20T21:49:07Z,145.8,163.0,238.5,353.0,250.0
13401388103,Zwift - FTP Ramp Test in Innsbruck,VirtualRide,8.2132,23.316666666666666,2025-01-19T22:38:06Z,140.1,191.0,240.1,533.0,294.0
13391426778,1h moving body,VirtualRide,29.0395,62.233333333333334,2025-01-18T20:44:04Z,118.4,162.0,152.7,522.0,182.0
13380306049,Lunch Swim,Swim,1.3716,27.966666666666665,2025-01-17T16:35:27Z,,,,,
13369543032,Cool down,VirtualRide,14.9007,30.35,2025-01-16T11:34:46Z,120.6,139.0,127.0,233.0,133.0
13369283046,Col Tri Club Thursday ride,VirtualRide,30.6662,60.583333333333336,2025-01-16T10:31:33Z,161.5,180.0,250.6,517.0,267.0
13363100170,Zwift - Lionel Sanders' Yellow Day Workout in Watopia,VirtualRide,36.2292,61.03333333333333,2025-01-15T16:20:44Z,135.1,173.0,217.6,573.0,235.0
13380009920,"""Rejuvenate"" Workout",Swim,1.1887,21.616666666666667,2025-01-14T17:01:18Z,,,,,
13351267964,10m OTB run,VirtualRun,1.5084000000000002,10.083333333333334,2025-01-14T11:36:19Z,134.4,140.0,,,
13351153214,Col Tri Club Group Ride,VirtualRide,34.3872,61.416666666666664,2025-01-14T10:30:57Z,149.6,178.0,227.6,369.0,248.0
13342150164,First ride back after sickness,VirtualRide,28.798599999999997,58.983333333333334,2025-01-13T10:50:11Z,,,132.5,398.0,141.0
13328459151,Afternoon Walk,Walk,7.2195,79.81666666666666,2025-01-11T19:01:30Z,88.0,103.0,,,
13297880944,Walk on tread,VirtualRun,1.9042999999999999,30.516666666666666,2025-01-08T10:53:15Z,,,,,
13289207967,45min cool down ride,VirtualRide,21.1977,45.46666666666667,2025-01-07T11:16:13Z,106.6,133.0,107.8,252.0,109.0
13288828627,Columbus Tri Club Group Ride,VirtualRide,25.7412,45.166666666666664,2025-01-07T10:30:14Z,149.3,178.0,261.6,554.0,279.0
13286001158,Easy with 3x2min tempo,VirtualRun,5.7145,29.85,2025-01-07T00:14:59Z,149.3,169.0,,,
13280212026,30min easy riding + 30 min VO2 intervals,VirtualRide,35.681599999999996,63.21666666666667,2025-01-06T11:02:26Z,131.6,174.0,214.4,432.0,246.0
13263063695,5m easy run off a VO2 max bike session,VirtualRun,0.734,4.733333333333333,2025-01-04T12:12:16Z,142.8,148.0,,,
13262994743,VO2 intervals,VirtualRide,36.2318,60.55,2025-01-04T11:09:49Z,145.8,179.0,233.5,470.0,269.0
13259604617,Friday night bum run,VirtualRun,5.0777,36.55,2025-01-04T00:12:29Z,122.8,128.0,,,
13253896187,1h spin with 5 minute effort at FTP,VirtualRide,27.8929,60.53333333333333,2025-01-03T10:41:56Z,,,133.4,425.0,175.0
13241808072,New years run with wife!,Run,10.062700000000001,57.46666666666667,2025-01-01T20:55:58Z,134.6,146.0,,,
13234636016,Recovery run,Run,7.1972,36.583333333333336,2024-12-31T21:21:50Z,144.6,156.0,,,
13231792348,Morning Walk,Walk,2.0721999999999996,29.433333333333334,2024-12-31T13:52:59Z,76.7,97.0,,,
13226444988,Tempo into 6xStrides into Threshold,Run,9.4028,40.666666666666664,2024-12-30T20:50:01Z,168.8,183.0,,,
13225077571,Beach sprint vs wife,Run,0.0654,0.2833333333333333,2024-12-30T16:54:29Z,83.4,88.0,,,
13224055002,Coffee walk,Walk,2.383,37.083333333333336,2024-12-30T14:24:44Z,80.9,102.0,,,
13217058861,Coffee walk pt 2,Walk,2.0298,20.566666666666666,2024-12-29T15:03:10Z,72.2,91.0,,,
13216369295,Coffee walk pt 1,Walk,1.0087000000000002,18.133333333333333,2024-12-29T13:54:43Z,76.7,88.0,,,
13211649572,Beach run,Run,5.3936,30.033333333333335,2024-12-28T21:03:39Z,149.4,159.0,,,
13199904430,Cool down mile,Run,1.6085999999999998,8.5,2024-12-27T11:57:46Z,152.0,156.0,,,
13199903303,4x1mi fast(ish) + 1x1mi HMP,Run,8.6926,38.71666666666667,2024-12-27T11:12:36Z,169.2,189.0,,,
13196273897,Zwift - Active Recovery in Watopia,VirtualRide,48.1375,90.73333333333333,2024-12-26T19:02:19Z,105.1,135.0,173.9,330.0,179.0
13189873397,Christmas walk #2,Walk,2.649,45.28333333333333,2024-12-25T21:36:34Z,64.9,96.0,,,
13189224092,Christmas walk #1,Walk,4.1464,43.88333333333333,2024-12-25T19:01:33Z,66.5,80.0,,,
13180756199,30 minute lite run off the bike,VirtualRun,5.4325,29.983333333333334,2024-12-24T11:37:41Z,143.2,168.0,,,
13180440562,Col Tri Club - 5x 5 min @ Sub FTP / FTP,VirtualRide,33.0945,60.63333333333333,2024-12-24T10:30:39Z,137.3,180.0,215.8,563.0,248.0
13176496863,Zwift - Easy Hour in Watopia,VirtualRide,32.946,62.03333333333333,2024-12-23T18:18:22Z,116.4,129.0,156.9,239.0,158.0
13169643232,Run with sister,Run,12.9545,63.28333333333333,2024-12-22T15:50:19Z,158.3,169.0,,,
13157292078,Afternoon Ride,Ride,5.9292,19.166666666666668,2024-12-20T20:43:00Z,120.3,145.0,68.6,,
13380010093,"""Push Your Pace"" Workout",Swim,1.3716,23.766666666666666,2024-12-20T17:26:20Z,,,,,
13155113330,Morning Ride,Ride,5.9087,16.95,2024-12-20T13:38:07Z,133.8,157.0,67.3,,
13154529621,Cool down mile,Run,1.6119,8.6,2024-12-20T12:06:46Z,150.3,157.0,,,
13154450346,Mile repeats,Run,7.131,30.85,2024-12-20T11:28:08Z,170.7,192.0,,,
13151236930,OSU has a treadmill desk...,Walk,0.0149,103.98333333333333,2024-12-19T19:27:33Z,85.5,95.0,,,
13148047746,Tri club group ride,VirtualRide,15.9636,90.58333333333333,2024-12-19T10:30:02Z,105.8,124.0,147.2,286.0,148.0
13144940318,Afternoon Ride,Ride,5.8999,19.45,2024-12-18T21:31:24Z,116.8,137.0,69.3,,
13141302119,Wednesday - Treadmill 30m,VirtualRun,5.432300000000001,29.816666666666666,2024-12-18T11:31:22Z,147.2,185.0,,,
13141086354,2x15 minutes at sub FTP / SS,VirtualRide,34.1536,54.18333333333333,2024-12-18T10:34:14Z,146.6,164.0,239.4,364.0,254.0
13142329813,Morning Ride,Ride,0.6781,2.4,2024-12-18T14:43:23Z,118.4,134.0,88.7,,
13142288506,"""Keeping a Low Profile"" Workout",Swim,1.3716,24.133333333333333,2024-12-18T13:59:54Z,,,,,
13142000380,Morning Ride,Ride,5.178,15.5,2024-12-18T13:33:38Z,125.1,142.0,70.1,,
13133989360,Tuesday- Easy 30 minutes Treadmill,VirtualRun,5.0078000000000005,29.416666666666668,2024-12-17T11:35:54Z,152.4,171.0,,,
13133745885,Tri Club Morning Workout,VirtualRide,33.394800000000004,60.583333333333336,2024-12-17T10:30:44Z,150.5,183.0,221.5,533.0,253.0
13135242990,"""A Leg Up"" Workout",Swim,1.3716,24.75,2024-12-17T14:34:33Z,,,,,
13130521592,Afternoon Ride,Ride,6.365,22.483333333333334,2024-12-16T21:29:15Z,113.3,140.0,74.9,,
13127721100,Morning Ride,Ride,6.0295,18.866666666666667,2024-12-16T14:01:53Z,117.5,138.0,70.5,,
13123080381,Pt 2,Run,2.5356,10.45,2024-12-15T17:56:03Z,176.5,187.0,,,
13123015217,5x1 minute + 2xKm hard. Pt 1,Run,5.3058000000000005,25.0,2024-12-15T17:29:30Z,166.3,187.0,,,
13114024725,"""HIIT""",VirtualRun,5.4948999999999995,30.116666666666667,2024-12-14T13:52:04Z,159.5,183.0,,,
13113777354,At/Overs (short),VirtualRide,13.014100000000001,20.216666666666665,2024-12-14T13:28:31Z,158.5,183.0,267.3,419.0,303.0
13113620991,10 min warmup before VO2 session,VirtualRide,5.1228,10.216666666666667,2024-12-14T13:16:26Z,107.2,120.0,128.0,255.0,125.0
13106281015,Morning Run,Run,17.8748,91.36666666666666,2024-12-13T10:23:33Z,148.5,187.0,,,
13100382620,"""Quality, Not Quantity"" Workout",Swim,1.2802,22.866666666666667,2024-12-12T14:22:50Z,,,,,
13092374385,Zwift group ride,VirtualRide,49.2393,92.25,2024-12-11T10:30:02Z,119.5,140.0,177.1,223.0,181.0
13085013561,30 minute run off the bike,VirtualRun,5.6533,30.233333333333334,2024-12-10T11:11:16Z,145.9,176.0,,,
13084810849,2x8 minutes at 300W. 30 minutes spin,VirtualRide,32.5802,60.6,2024-12-10T10:07:14Z,130.8,170.0,184.1,383.0,225.0
13085642736,"2x100,400pull + 5x100",Swim,1.3716,24.9,2024-12-10T12:41:25Z,,,,,
13081632101,Afternoon Ride,Ride,5.942699999999999,17.533333333333335,2024-12-09T21:08:11Z,127.0,156.0,82.7,,
13078198881,15m run off,VirtualRun,2.2992,15.166666666666666,2024-12-09T11:51:25Z,131.1,141.0,,,
13078083699,"Zwift ""sprint boot camp""",VirtualRide,33.3674,56.1,2024-12-09T10:53:00Z,140.2,177.0,222.1,732.0,253.0
13078800065,Morning Ride,Ride,6.0301,17.9,2024-12-09T13:27:03Z,125.1,150.0,73.4,,
13051493561,Zwift - Group Workout: Attack the Bunch,VirtualRide,26.3848,53.45,2024-12-05T11:00:00Z,142.5,182.0,230.9,558.0,279.0
13051165283,Zwift warmup,VirtualRide,9.7094,22.033333333333335,2024-12-05T10:34:41Z,110.3,128.0,130.9,257.0,134.0
13048274372,Afternoon Ride,Ride,5.9335,19.45,2024-12-04T21:27:56Z,123.3,151.0,78.0,,
13044487480,Morning group ride,VirtualRide,53.683099999999996,95.71666666666667,2024-12-04T10:30:01Z,126.7,175.0,194.3,807.0,223.0
13043878154,Warm up 30m,VirtualRide,15.821200000000001,27.9,2024-12-04T10:01:13Z,118.3,160.0,175.3,825.0,185.0
13045421123,Morning Ride,Ride,6.0228,18.9,2024-12-04T14:09:52Z,127.8,153.0,67.3,,
13036852866,1h easy + 30m LT1,VirtualRide,48.143699999999995,87.21666666666667,2024-12-03T10:32:54Z,129.1,171.0,199.1,583.0,218.0
13033620905,Afternoon Ride,Ride,5.2653,21.016666666666666,2024-12-02T22:19:22Z,120.1,139.0,57.4,,
13033440992,"""Mixed Intervals"" Workout",Swim,0.9144,17.233333333333334,2024-12-02T21:45:29Z,,,,,
13033253448,Afternoon Ride,Ride,0.6928,2.783333333333333,2024-12-02T21:30:14Z,110.4,116.0,57.3,,
13030277806,Morning Ride,Ride,6.0538,16.833333333333332,2024-12-02T13:33:07Z,121.1,143.0,75.7,,
13026034791,Easy ride 1h30,VirtualRide,55.554300000000005,97.78333333333333,2024-12-01T17:59:16Z,,,194.9,467.0,216.0
13019110534,3x12m @ IM,VirtualRide,30.2531,50.55,2024-11-30T22:17:51Z,138.1,154.0,231.1,304.0,239.0
13011411423,Zwift - Champs-Élysées Run in Paris,VirtualRun,4.909,30.15,2024-11-29T20:58:39Z,140.1,168.0,,,
13011255212,Zwift - Endurance #1 in France,VirtualRide,37.3037,60.18333333333333,2024-11-29T19:53:45Z,141.7,161.0,227.5,434.0,235.0
13009344116,Morning Walk,Walk,3.0476,34.43333333333333,2024-11-29T14:30:16Z,85.6,106.0,,,
13004413636,Progressive bike,VirtualRide,31.3603,63.06666666666667,2024-11-28T17:56:35Z,153.8,170.0,237.0,386.0,244.0
13004793145,Progressive run,Run,7.9857,36.5,2024-11-28T19:13:30Z,161.9,176.0,,,
12994333514,LT1,Run,14.7708,68.01666666666667,2024-11-27T11:04:16Z,161.4,187.0,,,
12990805388,Afternoon Ride,Ride,6.0301,18.433333333333334,2024-11-26T21:52:10Z,124.6,152.0,99.2,,
12986399877,Zwift - Renewal in Watopia,VirtualRide,13.8796,30.266666666666666,2024-11-26T11:12:35Z,116.2,132.0,161.8,217.0,168.0
12980250769,Morning Ride,Ride,6.0551,15.05,2024-11-25T14:58:44Z,114.8,143.0,119.7,,
12976248091,Afternoon Walk,Walk,1.3829,24.5,2024-11-24T21:41:07Z,75.1,95.0,,,
12947142921,Afternoon Ride,Ride,1.793,4.883333333333334,2024-11-20T21:01:47Z,102.9,110.0,47.6,,
12946896166,Afternoon Ride,Ride,6.0915,24.166666666666668,2024-11-20T19:57:09Z,124.4,150.0,67.3,,
12944133365,Morning Ride,Ride,6.0962,18.683333333333334,2024-11-20T13:37:39Z,113.0,138.0,63.0,,
12943338269,Run back from track,Run,3.3787,17.966666666666665,2024-11-20T11:52:12Z,153.9,159.0,,,
12943337442,VO2 Max Session,Run,5.333,26.933333333333334,2024-11-20T11:19:30Z,162.9,194.0,,,
12942951620,Run to track,Run,3.7891999999999997,18.116666666666667,2024-11-20T10:58:13Z,160.0,180.0,,,
12939809067,Afternoon Ride,Ride,5.2473,19.25,2024-11-19T21:39:55Z,111.8,132.0,64.7,,
12939652439,"""Focus Switch Up"" Workout",Swim,1.3716,25.183333333333334,2024-11-19T20:59:21Z,,,,,
12936535551,Morning Commute,Ride,6.1,19.0,2024-11-19T13:37:53Z,,,,,
12935799441,30min with 3x2min efforts,VirtualRun,6.4485,31.2,2024-11-19T11:35:11Z,157.5,183.0,,,
12935568668,Zwift - Foundation in Watopia,VirtualRide,27.1876,48.25,2024-11-19T10:44:40Z,133.8,148.0,209.3,244.0,216.0
12932692429,Afternoon Ride,Ride,5.2233,19.7,2024-11-18T22:43:46Z,127.6,151.0,63.9,,
12932476773,Recovery Swim,Swim,1.3716,24.633333333333333,2024-11-18T22:05:49Z,,,,,
12929153739,Morning Ride,Ride,6.0328,16.733333333333334,2024-11-18T13:49:17Z,126.4,154.0,95.3,,
12925576979,Afternoon Walk,Walk,1.8913,29.633333333333333,2024-11-17T21:49:28Z,83.3,96.0,,,
12917264475,Afternoon Walk,Walk,3.0277,42.53333333333333,2024-11-16T21:50:20Z,75.9,119.0,,,
12913028711,VO2 Max Intervals,Run,11.1902,62.016666666666666,2024-11-16T11:08:35Z,158.2,191.0,,,
12909095965,Afternoon Ride,Ride,6.0045,17.8,2024-11-15T21:19:50Z,116.3,134.0,93.8,,
12905305170,Recovery Friday,VirtualRide,31.345200000000002,55.2,2024-11-15T10:37:25Z,,,210.9,254.0,224.0
12906358424,Morning Ride,Ride,5.9688,14.866666666666667,2024-11-15T13:47:45Z,133.6,153.0,117.5,,
12905566779,30m OTB with 5m effort,Run,6.688,32.63333333333333,2024-11-15T11:36:32Z,157.4,185.0,,,
12898846757,"""Set It Up, Knock It Down"" Workout",Swim,1.0973,18.0,2024-11-14T12:52:52Z,,,,,
12894924559,"""Strong Waves"" Workout",Swim,1.2802,22.066666666666666,2024-11-13T21:48:31Z,,,,,
12890640547,"2x15m, 1x10m @ Tempo/LT",Run,13.925,62.78333333333333,2024-11-13T10:55:12Z,163.5,178.0,,,
12882439527,Micro into Threshold,VirtualRide,34.1095,58.05,2024-11-12T10:30:01Z,147.4,174.0,250.6,404.0,271.0
12882705970,30' OTB with 2xK efforts,Run,6.765899999999999,31.983333333333334,2024-11-12T11:32:53Z,156.3,181.0,,,
12877589934,"""Perpetual Motion"" Workout",Swim,1.2802,24.516666666666666,2024-11-11T17:56:53Z,,,,,
12874512472,Free ride,VirtualRide,34.3054,61.21666666666667,2024-11-11T10:34:30Z,120.7,168.0,190.0,860.0,208.0
12874785719,30' OTB with 5 min effort,Run,6.8271999999999995,31.683333333333334,2024-11-11T11:40:39Z,159.7,182.0,,,
12854945638,Afternoon Ride,Ride,8.406600000000001,28.95,2024-11-08T21:33:08Z,113.2,149.0,96.5,,
12853502680,Lunch Swim,Swim,1.575,29.9,2024-11-08T17:01:16Z,125.1,152.0,,,
12852139763,Morning Ride,Ride,5.9445,18.466666666666665,2024-11-08T13:47:27Z,109.7,125.0,68.3,,
12843902815,Aerobic + 10 mins at goal HMP or faster,Run,12.2661,60.95,2024-11-07T11:07:58Z,150.7,187.0,,,
12840640715,Afternoon Walk,Walk,1.7358,25.25,2024-11-06T22:29:21Z,82.9,124.0,,,
12838677432,1500 swim,Swim,1.45,31.416666666666668,2024-11-06T17:37:20Z,135.2,169.0,,,
12836178279,VO2 work,VirtualRide,31.004,58.18333333333333,2024-11-06T11:22:01Z,143.1,181.0,215.2,372.0,260.0
12836901844,1000 swim,Swim,0.9,20.783333333333335,2024-11-05T20:15:55Z,127.6,146.0,,,
12827961595,Rolling Hills #1,VirtualRide,34.086,56.833333333333336,2024-11-05T11:23:37Z,,,229.8,315.0,236.0
12820090926,"""London Classique""",VirtualRide,34.7926,56.516666666666666,2024-11-04T11:21:50Z,151.2,182.0,240.6,504.0,269.0
12816067938,5x5 minutes at goal HM pace (5min recovery),Run,13.487,60.3,2024-11-03T18:02:33Z,170.2,190.0,,,
12808272232,Afternoon Walk,Walk,3.2845,55.35,2024-11-02T20:44:11Z,78.6,97.0,,,
12803268289,Chill run with deguzman,Run,7.9334,48.18333333333333,2024-11-02T10:05:44Z,120.6,139.0,,,
12795789978,SST 20',VirtualRide,34.679300000000005,55.18333333333333,2024-11-01T10:19:23Z,145.5,168.0,244.2,368.0,262.0
12784810762,Afternoon Ride,Ride,6.0763,23.633333333333333,2024-10-30T20:48:38Z,107.7,133.0,71.6,,
12781367038,Morning Ride,Ride,5.8348,17.583333333333332,2024-10-30T12:54:22Z,126.1,147.0,78.9,,
12777296798,Afternoon Walk,Walk,0.7945,96.06666666666666,2024-10-29T18:31:18Z,72.9,87.0,,,
12762095749,Ironman California Marathon,Run,42.170300000000005,236.75,2024-10-27T21:12:31Z,157.5,174.0,,,
12762095694,Afternoon Workout,Workout,0.3639,2.466666666666667,2024-10-27T21:07:23Z,139.4,153.0,,,
14449760192,Morning Ride,Ride,179.656,330.76666666666665,2024-10-27T15:35:45Z,148.6,170.0,259.3,647.0,278.0
12762095841,Ironman California Bike,Ride,180.624,332.51666666666665,2024-10-27T15:34:29Z,148.6,170.0,258.5,689.0,278.0
12762095678,Morning Workout,Workout,0.7322000000000001,6.4,2024-10-27T15:24:49Z,155.7,169.0,,,
12762095689,Ironman California Swim,Swim,3.558,56.03333333333333,2024-10-27T14:28:47Z,141.8,173.0,,,
12740724728,Lunch Swim,Swim,1.525,28.916666666666668,2024-10-23T16:02:58Z,112.9,141.0,,,
12711953912,Afternoon Swim,Swim,0.75,15.566666666666666,2024-10-21T20:51:52Z,111.8,127.0,,,
12704469722,Zwift - Ironman Race Pace [1h30m-2h] in Watopia,VirtualRide,74.6511,122.08333333333333,2024-10-20T18:23:26Z,,,213.4,689.0,223.0
12704923996,2x15' @ Tempo,Run,10.015,45.233333333333334,2024-10-20T21:01:08Z,164.4,180.0,,,
12704465609,Afternoon Ride,Ride,,122.73333333333333,2024-10-20T18:22:34Z,,,202.3,680.0,213.0
12684123541,4x8' @ Tempo w Surges,VirtualRide,65.7375,123.93333333333334,2024-10-18T09:18:59Z,,,218.9,607.0,228.0
12681696093,Low intensity volume,Run,11.4135,60.666666666666664,2024-10-17T23:29:33Z,140.8,165.0,,,
12680798745,Afternoon Walk,Walk,0.9054,16.316666666666666,2024-10-17T21:06:05Z,79.4,100.0,,,
12676902955,10x300s,Swim,3.475,63.03333333333333,2024-10-17T11:14:30Z,123.8,146.0,,,
12673916849,Zwift - Easy ride [1h-1h30m] in France,VirtualRide,51.4525,90.43333333333334,2024-10-16T23:10:56Z,,,182.1,367.0,183.0
12668299920,5x1' @ Super Threshold + 5x3' @ Hills,Run,12.3161,60.666666666666664,2024-10-16T09:59:57Z,147.9,177.0,,,
12664945499,Afternoon Walk,Walk,2.7136,34.516666666666666,2024-10-15T21:35:47Z,90.0,115.0,,,
12664605866,Quick and easy,Swim,2.275,45.36666666666667,2024-10-15T20:24:20Z,119.8,148.0,,,
12645355403,Mental stamina run + 20 minute hard,Run,30.4705,151.91666666666666,2024-10-13T10:02:15Z,146.0,184.0,,,
12629418876,Morning Run,Run,3.0378000000000003,16.183333333333334,2024-10-11T14:02:51Z,149.8,157.0,,,
12629252962,Morning Run,Run,3.9758,20.566666666666666,2024-10-11T13:34:20Z,156.0,172.0,,,
12629030986,Zwift - Ironman Race Pace [3h15m-4h] in Watopia,VirtualRide,152.614,241.18333333333334,2024-10-11T09:20:45Z,,,229.3,364.0,234.0
12612797030,Short fartlek intervals with 20' tempo,Run,13.212299999999999,61.75,2024-10-09T10:05:51Z,154.2,183.0,,,
12610064613,Easy 1h,VirtualRide,34.6349,60.31666666666667,2024-10-08T23:15:41Z,118.1,131.0,181.7,276.0,182.0
12604968111,Pre work swim,Swim,2.9,58.6,2024-10-08T11:16:04Z,125.4,151.0,,,
12601144928,Afternoon Walk,Walk,2.525,31.016666666666666,2024-10-07T21:54:19Z,79.4,97.0,,,
12597346899,Morning Walk,Walk,1.8596,27.083333333333332,2024-10-07T12:45:46Z,70.4,86.0,,,
12596963720,Morning Walk,Walk,1.8732,21.466666666666665,2024-10-07T11:54:24Z,89.4,103.0,,,
12593204901,Progressive run,Run,36.1676,171.05,2024-10-06T16:53:56Z,160.9,178.0,,,
12584188333,Run off the bike 30',Run,5.072100000000001,29.166666666666668,2024-10-05T18:02:13Z,139.2,150.0,,,
12582886128,Ironman Race Pacing,VirtualRide,155.743,331.81666666666666,2024-10-05T12:11:17Z,132.4,154.0,213.8,415.0,217.0
12572436390,Descending ladder,Swim,4.8,92.98333333333333,2024-10-04T12:02:43Z,127.8,150.0,,,
12566121822,Short w some faster pacing,Swim,1.85,34.11666666666667,2024-10-03T16:21:32Z,132.4,156.0,,,
12563544733,Short fartlek intervals,Run,11.7644,58.1,2024-10-03T10:01:35Z,151.5,177.0,,,
12561127786,Endurance w/ surges,VirtualRide,54.3588,90.36666666666666,2024-10-02T23:55:19Z,125.4,153.0,210.0,347.0,216.0
12559875060,Afternoon Walk,Walk,2.4657,27.916666666666668,2024-10-02T20:57:52Z,81.0,92.0,,,
12555658516,10x Club Rd hills,Run,17.916900000000002,90.45,2024-10-02T10:00:24Z,149.9,167.0,,,
12554695787,Easy 30',Run,6.336600000000001,32.233333333333334,2024-10-01T23:24:14Z,143.5,152.0,,,
12547180417,4x13' @ tempo,VirtualRide,68.7252,121.53333333333333,2024-10-01T09:33:27Z,,,218.3,306.0,236.0
12535298161,"Long easy ride to cap off 12h18, 420km, 1800m+, and 8600kcal of cycling this week",VirtualRide,80.8804,152.16666666666666,2024-09-29T16:12:50Z,,,182.5,254.0,183.0
12527816990,Intervals at Ironman Race Pace,VirtualRide,207.12,333.4,2024-09-28T18:44:44Z,,,219.4,321.0,223.0
12523721240,Josephinum 4-miler,Run,6.2588,25.116666666666667,2024-09-28T13:00:28Z,183.7,199.0,,,
12518759698,Recovery ride,VirtualRide,28.6921,60.93333333333333,2024-09-27T21:02:19Z,,,119.2,303.0,124.0
12512684121,"Wandering endlessly, running out the timer",Run,12.0259,62.46666666666667,2024-09-26T23:20:32Z,147.5,166.0,,,
12509957246,Swim maintenance,Swim,1.8,33.6,2024-09-26T16:33:14Z,127.5,162.0,,,
12505205389,60' @ progressive pace,Run,19.3828,95.66666666666667,2024-09-25T23:20:15Z,152.3,171.0,,,
12499591933,Endurance w/ surges,VirtualRide,42.4824,70.3,2024-09-25T10:07:50Z,,,210.3,347.0,216.0
12496811487,10x1' Efforts,Run,13.3424,61.766666666666666,2024-09-24T23:16:35Z,159.0,183.0,,,
12491214513,Strength Endurance (Tempo),VirtualRide,60.6834,121.06666666666666,2024-09-24T09:39:14Z,3.2,131.0,232.0,308.0,238.0
12483550623,Early morning Swim,Swim,4.65,99.38333333333334,2024-09-23T11:27:50Z,122.3,143.0,,,
12479126865,Afternoon Run,Run,23.2112,119.4,2024-09-22T17:29:13Z,155.3,172.0,,,
12471292662,Evening Walk,Walk,1.9165,27.516666666666666,2024-09-21T23:53:09Z,83.9,100.0,,,
12463248947,"Ironman Race Pacing, 60' 50' 40'",VirtualRide,167.938,271.03333333333336,2024-09-20T23:34:32Z,139.7,163.0,218.9,354.0,226.0
12459170626,Morning Walk,Walk,0.966,12.966666666666667,2024-09-20T14:40:49Z,77.7,86.0,,,
12490211645,Zwift - Endurance/Neuromuscular [1h-1h30m] in Watopia,VirtualRide,34.6165,60.43333333333333,2024-09-19T22:50:15Z,3.4,140.0,213.8,282.0,214.0
12455063279,"Steady run off the bike w/ 8x 15"" pick ups",Run,9.2259,46.61666666666667,2024-09-19T23:53:51Z,148.5,167.0,,,
12445699752,Afternoon Walk,Walk,2.5642,32.516666666666666,2024-09-18T21:25:42Z,89.8,110.0,,,
12440675569,De-load week in full swing ☺️,VirtualRide,36.0763,60.516666666666666,2024-09-18T10:23:17Z,134.7,154.0,214.4,295.0,214.0
12437854742,Evening minutes with the wife,Run,6.0314,38.75,2024-09-17T23:54:42Z,119.2,129.0,,,
12432083697,Early morning swim,Swim,2.5,48.38333333333333,2024-09-17T11:16:33Z,118.4,139.0,,,
12428193282,Evening Walk,Walk,1.2745,20.733333333333334,2024-09-16T22:15:56Z,80.3,95.0,,,
12427979922,Afternoon Walk,Walk,2.6541,35.3,2024-09-16T21:10:07Z,85.2,103.0,,,
12419634437,Failed VO2 Max session turned easy ride,VirtualRide,50.908,91.65,2024-09-15T17:59:45Z,119.0,163.0,178.3,494.0,213.0
12420401275,Afternoon Run,Run,7.8404,49.25,2024-09-15T21:24:05Z,134.4,142.0,,,
12410815827,Zwift - Easy ride in Watopia,VirtualRide,66.9085,120.8,2024-09-14T18:13:55Z,122.2,135.0,184.3,467.0,183.0
12407046481,10xk,Run,26.2521,120.0,2024-09-14T09:58:51Z,158.3,178.0,,,
12396228718,Zwift - Pacing #1 in Watopia,VirtualRide,39.2539,60.5,2024-09-12T23:48:30Z,145.1,161.0,248.0,363.0,256.0
12390842768,Morning Run,Run,14.3841,66.1,2024-09-12T10:03:56Z,160.2,187.0,,,
12388198542,Evening Ride,Ride,5.051399999999999,18.266666666666666,2024-09-12T00:28:30Z,110.5,132.0,74.1,,
12388044857,Evening Swim,Swim,0.325,6.766666666666667,2024-09-12T00:09:13Z,135.5,149.0,,,
12387943891,Evening Ride,Ride,5.3602,18.516666666666666,2024-09-11T23:39:05Z,114.5,134.0,66.4,,
12382399875,Zwift - VO2max intervals (short) [1h15m-1h30m] in Watopia,VirtualRide,50.103300000000004,79.61666666666666,2024-09-11T09:48:53Z,144.1,172.0,230.7,539.0,246.0
12379607218,Evening Run,Run,8.3271,41.81666666666667,2024-09-10T23:41:28Z,153.1,178.0,,,
12378329602,Afternoon Swim,Swim,1.825,35.7,2024-09-10T20:04:26Z,120.7,136.0,,,
12370572080,Zwift - Easy ride [OPTIONAL] in Richmond,VirtualRide,25.6835,45.583333333333336,2024-09-09T23:25:58Z,121.0,134.0,184.0,349.0,183.0
12362923923,Evening Run,Run,13.0754,60.016666666666666,2024-09-08T23:42:08Z,155.4,173.0,,,
12357172277,Morning Run,Run,11.2705,60.06666666666667,2024-09-08T10:06:09Z,137.8,146.0,,,
12353735257,50min run off a pretty hard 5h bike,Run,10.0115,48.85,2024-09-07T23:25:00Z,165.2,171.0,,,
12353487993,Sweet Spot 5 x 15' @ 295W,VirtualRide,185.399,307.01666666666665,2024-09-07T18:11:09Z,,,224.8,394.0,236.0
12336766347,Thursday hill reps,Run,17.2269,90.16666666666667,2024-09-05T20:34:10Z,157.6,177.0,,,
12329018072,Zwift - Lactate Shuttling 3 x 15' in London,VirtualRide,52.8454,90.63333333333334,2024-09-04T23:19:20Z,151.0,174.0,250.2,368.0,267.0
12320153184,Zwift - Easy ride [1h-1h30m] in Watopia,VirtualRide,34.815599999999996,65.01666666666667,2024-09-03T23:42:11Z,121.0,133.0,182.2,215.0,183.0
12301476589,Zwift - Easy ride [OPTIONAL] in France,VirtualRide,51.41,91.03333333333333,2024-09-01T17:49:47Z,119.3,134.0,182.1,344.0,182.0
12297676529,Morning Run,Run,25.2499,120.13333333333334,2024-09-01T10:07:31Z,155.4,182.0,,,
12293456015,harder still. ride 2/2 pt 2. done,VirtualRide,28.7023,60.45,2024-08-31T22:46:49Z,140.5,166.0,237.7,467.0,254.0
12293017074,a little harder - ride 2/2 pt I 😅,VirtualRide,38.367,62.1,2024-08-31T20:54:45Z,140.6,170.0,228.0,392.0,240.0
12287178190,2h super easy. ride 1/2,VirtualRide,59.0159,121.8,2024-08-31T07:06:39Z,103.5,157.0,135.3,443.0,163.0
12280499758,Morning Run,Run,18.1922,90.08333333333333,2024-08-30T10:25:03Z,155.5,193.0,,,
12277584436,Zwift - Endurance ride in Watopia,VirtualRide,53.0276,91.78333333333333,2024-08-29T23:22:18Z,129.6,143.0,202.3,247.0,206.0
12269114648,Evening Run,Run,9.3527,48.983333333333334,2024-08-28T23:51:15Z,151.9,162.0,,,
12269114188,Afternoon Walk,Walk,2.494,29.933333333333334,2024-08-28T20:54:26Z,86.7,99.0,,,
12263345162,Morning Swim,Swim,2.875,60.81666666666667,2024-08-28T10:34:42Z,131.3,162.0,,,
12260220645,Evening Run,Run,9.427100000000001,51.666666666666664,2024-08-27T23:45:22Z,143.4,152.0,,,
12258801975,Afternoon Walk,Walk,2.5526,30.916666666666668,2024-08-27T19:52:19Z,90.7,114.0,,,
12254069377,Zwift - Lactate Shuttling 3 x 15' [1h30m-2h] in Watopia,VirtualRide,56.2563,110.9,2024-08-27T09:22:30Z,144.7,174.0,240.1,367.0,258.0
12241696987,Afternoon Run,Run,11.101,55.43333333333333,2024-08-25T18:12:41Z,157.7,177.0,,,
12229233967,Zwift - Sweet Spot 4 x 15' [3h30m-4h] in Watopia,VirtualRide,131.736,231.53333333333333,2024-08-24T08:02:25Z,136.2,168.0,220.4,377.0,235.0
12229817166,Brick Run,Run,11.9419,58.53333333333333,2024-08-24T12:01:10Z,152.6,166.0,,,
12220970769,Zwift - Endurance/Neuromuscular [1h-1h30m] in Watopia,VirtualRide,43.7933,81.21666666666667,2024-08-23T10:08:29Z,125.7,146.0,193.3,296.0,200.0
12216497197,Zwift - Easy ride [1h-1h30m] in Scotland,VirtualRide,44.5861,91.1,2024-08-22T17:54:18Z,122.4,135.0,183.3,270.0,182.0
12212701217,Morning Run,Run,21.170900000000003,104.61666666666666,2024-08-22T09:36:18Z,149.3,171.0,,,
12203804794,Morning Swim,Swim,3.875,88.63333333333334,2024-08-21T09:45:34Z,120.8,159.0,,,
12199274105,Afternoon Swim,Swim,0.325,7.366666666666666,2024-08-20T19:57:23Z,113.0,126.0,,,
12194557242,Zwift - Lactate Shuttling 3 x 15' [1h30m-2h] in Watopia,VirtualRide,67.7228,110.91666666666667,2024-08-20T09:03:43Z,144.9,174.0,237.8,368.0,257.0
12194905228,Morning Run,Run,5.589899999999999,31.366666666666667,2024-08-20T11:01:18Z,140.6,150.0,,,
12189968062,Afternoon Weight Training,WeightTraining,,20.033333333333335,2024-08-19T18:52:21Z,81.2,88.0,,,
12181830842,Afternoon Walk,Walk,0.4888,6.766666666666667,2024-08-18T17:56:30Z,76.3,89.0,,,
12181830340,Lunch Run,Run,11.2361,67.61666666666666,2024-08-18T16:40:29Z,127.8,160.0,,,
12170216869,Zwift - Z1 Saddle Time with IM Interval in Watopia,VirtualRide,108.266,181.15,2024-08-17T09:32:28Z,117.9,159.0,203.9,339.0,219.0
12165475863,Zwift - Endurance #1 in Watopia,VirtualRide,35.9892,60.46666666666667,2024-08-16T20:23:02Z,147.0,164.0,227.6,441.0,235.0
12164747137,Zwift - Mend in Watopia,VirtualRide,14.6221,33.35,2024-08-16T18:12:35Z,121.2,143.0,158.2,217.0,159.0
12164458878,Zwift - FTP Ramp Test in Watopia,VirtualRide,20.27,33.483333333333334,2024-08-16T17:31:19Z,144.2,189.0,228.9,471.0,275.0
12158541827,Zwift - Zone 2 #1 in France,VirtualRide,34.926,60.333333333333336,2024-08-15T23:28:55Z,141.8,159.0,215.0,313.0,220.0
12157321771,Zwift - Lionel Sanders' Yellow Day Workout in Watopia,VirtualRide,36.148900000000005,60.81666666666667,2024-08-15T19:31:55Z,135.1,158.0,208.2,454.0,221.0
12149965787,Zwift - Aerobic Sustainability + 10' @ B pacing,VirtualRide,33.970099999999995,61.083333333333336,2024-08-14T23:50:22Z,147.8,168.0,229.1,381.0,234.0
12149497027,Evening Walk,Walk,0.7736000000000001,11.983333333333333,2024-08-14T22:31:45Z,93.4,110.0,,,
12149213393,Afternoon Walk,Walk,0.8242999999999999,12.016666666666667,2024-08-14T21:47:58Z,100.6,116.0,,,
12148995983,Afternoon Run,Run,12.1226,63.18333333333333,2024-08-14T20:10:55Z,152.7,169.0,,,
12140469726,Afternoon Run,Run,19.1964,98.93333333333334,2024-08-13T19:45:26Z,158.3,175.0,,,
12135293169,failed lactate shuttling session after a few days off,VirtualRide,36.4506,65.05,2024-08-13T09:34:52Z,135.6,174.0,206.4,362.0,231.0
12136110145,Lunch Walk,Walk,0.3851,5.783333333333333,2024-08-11T18:41:02Z,90.5,106.0,,,
12136109524,Morning Walk,Walk,1.3404,15.783333333333333,2024-08-11T16:09:01Z,89.9,107.0,,,
12136108608,Evening Walk,Walk,0.4218,7.433333333333334,2024-08-11T00:32:47Z,70.0,86.0,,,
12136108202,Afternoon Walk,Walk,0.43289999999999995,7.083333333333333,2024-08-10T22:36:05Z,87.3,98.0,,,
12136107300,Lunch Walk,Walk,1.4618,18.266666666666666,2024-08-10T17:52:05Z,83.0,101.0,,,
12136106225,Morning Walk,Walk,3.3045,37.46666666666667,2024-08-10T16:45:42Z,85.1,104.0,,,
12136105645,Morning Walk,Walk,0.1794,2.05,2024-08-10T16:04:29Z,89.1,94.0,,,
12102282213,Morning Run,Run,5.76,30.133333333333333,2024-08-09T10:57:29Z,153.7,171.0,,,
12090145809,Afternoon Run,Run,9.7856,49.95,2024-08-07T20:32:45Z,161.6,183.0,,,
12085681031,Morning Run,Run,18.25,90.1,2024-08-07T10:26:45Z,140.0,168.0,,,
12081520468,Afternoon Run,Run,9.5543,46.61666666666667,2024-08-06T21:35:13Z,162.8,187.0,,,
12081052857,Afternoon Walk,Walk,2.9471999999999996,30.983333333333334,2024-08-06T20:20:00Z,96.1,109.0,,,
12076262956,Zwift - Lactate Shuttling 3 x 15' [1h30m-2h15m] in France,VirtualRide,73.4668,120.98333333333333,2024-08-06T09:31:02Z,143.6,175.0,232.3,510.0,250.0
12070047033,Lunch Swim,Swim,4.625,99.51666666666667,2024-08-05T15:27:12Z,122.5,154.0,,,
12051661673,Morning Run,Run,8.007100000000001,40.166666666666664,2024-08-03T12:15:28Z,160.3,170.0,,,
12051194935,Zwift - Strength Endurance [3h-4h] in Watopia,VirtualRide,150.248,241.75,2024-08-03T08:07:24Z,141.6,169.0,224.4,494.0,232.0
11995293749,Lunch Walk,Walk,2.2056999999999998,28.95,2024-07-27T15:30:38Z,100.9,112.0,,,
11994400958,Morning Walk,Walk,2.5206999999999997,38.53333333333333,2024-07-27T13:30:02Z,107.8,119.0,,,
11993546444,Morning Run,Run,8.489600000000001,40.55,2024-07-27T12:14:38Z,162.5,170.0,,,
11993176715,Zwift - Strength Endurance [3h-4h] in Watopia,VirtualRide,126.532,241.91666666666666,2024-07-27T08:06:54Z,138.3,163.0,225.8,445.0,233.0
11989069205,Afternoon Walk,Walk,4.863300000000001,66.7,2024-07-26T20:36:58Z,86.7,114.0,,,
11987191975,Lunch Swim,Swim,3.2,64.88333333333334,2024-07-26T15:36:44Z,128.2,158.0,,,
11982132518,Evening Weight Training,WeightTraining,,39.766666666666666,2024-07-26T00:00:08Z,78.3,92.0,,,
11976521627,Zwift - Renewal in Watopia,VirtualRide,70.772,120.91666666666667,2024-07-25T09:08:01Z,137.4,166.0,223.0,384.0,242.0
11972593657,Afternoon Run,Run,17.546,90.26666666666667,2024-07-24T18:57:53Z,158.0,176.0,,,
11968161456,Morning Swim,Swim,2.55,50.083333333333336,2024-07-24T10:38:14Z,128.7,154.0,,,
11965324733,Zwift - Lactate Shuttling 3 x 12' [1h30m-2h15m] in London,VirtualRide,67.43660000000001,120.5,2024-07-23T23:13:17Z,136.6,171.0,210.5,364.0,237.0
11959295718,Morning Run,Run,9.8918,50.0,2024-07-23T10:38:48Z,144.7,164.0,,,
11953942456,Lunch Swim,Swim,4.8,92.58333333333333,2024-07-22T16:40:09Z,126.7,152.0,,,
11946860287,Zwift - Champs-Élysées in Paris,VirtualRun,7.956300000000001,45.166666666666664,2024-07-21T18:33:01Z,142.6,156.0,,,
11942953835,Morning Run,Run,16.7022,75.66666666666667,2024-07-21T10:04:43Z,157.4,184.0,,,
11935097455,Zwift - Aerobic Development [3h-3h45m] in Watopia,VirtualRide,99.2373,211.33333333333334,2024-07-20T09:09:04Z,129.3,165.0,214.2,828.0,218.0
11922120409,Morning Walk,Walk,2.4433000000000002,17.866666666666667,2024-07-18T09:56:56Z,106.7,133.0,,,
11922119826,Morning Run,Run,6.2398,34.416666666666664,2024-07-18T09:21:30Z,129.7,154.0,,,
11915359635,Zwift - Endurance ride (Aerobic Threshold/LT1) [1h30m-2h] in Watopia,VirtualRide,62.5953,106.43333333333334,2024-07-17T23:10:44Z,131.1,143.0,218.3,382.0,224.0
11906414271,Treadmill run 45',VirtualRun,7.9727,45.166666666666664,2024-07-16T23:21:28Z,136.5,145.0,,,
11900900347,(erg) VO2max intervals 6 x 4' [1h15m-1h30m] in Watopia,VirtualRide,45.5389,75.73333333333333,2024-07-16T10:12:57Z,139.5,179.0,240.5,365.0,270.0
11897745057,Evening Weight Training,WeightTraining,,20.166666666666668,2024-07-15T23:32:44Z,79.1,87.0,,,
11876448569,5x20' IM (match),VirtualRide,82.7425,136.06666666666666,2024-07-13T08:29:19Z,128.4,165.0,214.2,438.0,226.0
11877653130,Morning Walk,Walk,3.285,42.95,2024-07-13T12:14:37Z,84.5,105.0,,,
11866470350,Evening Run,Run,13.555299999999999,71.15,2024-07-11T22:57:35Z,143.6,159.0,,,
11856812544,Afternoon Swim,Swim,0.925,21.216666666666665,2024-07-10T18:34:40Z,131.1,150.0,,,
11850220022,Zwift - Active Recovery in Watopia,VirtualRide,28.8206,60.45,2024-07-09T22:54:24Z,,,136.2,259.0,136.0
11845998493,Morning Run,Run,10.9297,53.43333333333333,2024-07-09T12:39:42Z,164.9,179.0,,,
11840222279,Lunch Ride,Ride,92.18289999999999,179.18333333333334,2024-07-08T15:40:56Z,154.7,175.0,214.4,516.0,226.0
11837890258,Morning Swim,Swim,2.25,45.65,2024-07-08T13:20:20Z,123.2,138.0,,,
11820950736,Morning Run,Run,17.051599999999997,75.06666666666666,2024-07-06T10:04:05Z,156.8,185.0,,,
11801487168,Afternoon Walk,Walk,5.9254,65.11666666666666,2024-07-03T18:54:35Z,90.5,134.0,,,
11801485282,Afternoon Run,Run,2.8873,14.116666666666667,2024-07-03T18:39:42Z,141.7,153.0,,,
11794527163,Evening Run,Run,11.202,57.53333333333333,2024-07-02T22:56:18Z,151.7,169.0,,,
11789055527,Zwift - VO2max intervals 6 x 4' in Yorkshire,VirtualRide,43.2706,75.56666666666666,2024-07-02T10:01:37Z,145.4,181.0,242.9,434.0,271.0
11784872254,Afternoon Swim,Swim,2.975,61.7,2024-07-01T18:42:19Z,117.9,142.0,,,
11778754412,Evening Weight Training,WeightTraining,,26.366666666666667,2024-06-30T23:08:54Z,79.1,81.0,,,
11777715725,Afternoon Run,Run,7.9023,48.38333333333333,2024-06-30T18:08:50Z,146.0,175.0,,,
11774415161,Morning Run,Run,13.936399999999999,65.68333333333334,2024-06-30T10:51:57Z,159.3,185.0,,,
11771106625,Evening Weight Training,WeightTraining,,40.05,2024-06-30T00:12:50Z,113.7,120.0,,,
11766939714,Zwift - Matteo PESAVENTO [Castelli Colletivo]'s Meetup on Roule Ma Poule in France,VirtualRide,122.603,225.93333333333334,2024-06-29T09:05:08Z,,,215.9,279.0,225.0
11762146337,Zwift - Easy ride [OPTIONAL] in Watopia,VirtualRide,24.431,60.45,2024-06-28T19:16:43Z,115.1,126.0,159.6,226.0,159.0
11756201200,Zwift - Endurance ride (Aerobic Threshold/LT1) [1h30m-1h50m] in Watopia,VirtualRide,53.194300000000005,90.75,2024-06-27T22:52:06Z,131.2,143.0,218.5,287.0,224.0
11743286413,Morning Run,Run,19.198,99.71666666666667,2024-06-26T09:41:53Z,144.3,166.0,,,
11739990570,Evening Run,Run,10.248,50.083333333333336,2024-06-25T22:22:06Z,156.9,173.0,,,
11734680460,Zwift - VO2max intervals 6 x 3.5' in France,VirtualRide,12.9852,60.31666666666667,2024-06-25T10:07:01Z,146.7,179.0,248.7,376.0,275.0
11731800269,Evening Weight Training,WeightTraining,,20.983333333333334,2024-06-24T23:41:39Z,78.3,93.0,,,
11731045733,Afternoon Walk,Walk,2.2316,26.083333333333332,2024-06-24T20:57:27Z,96.1,141.0,,,
11728443036,Lunch Ride,Ride,5.8821,20.7,2024-06-24T15:15:13Z,116.0,132.0,76.2,,
11727944061,Morning Swim,Swim,3.55,81.5,2024-06-24T13:11:39Z,131.0,160.0,,,
11727275026,Morning Ride,Ride,5.294,16.116666666666667,2024-06-24T12:39:42Z,121.9,142.0,75.2,,
11724289389,Evening Weight Training,WeightTraining,,26.066666666666666,2024-06-24T00:30:11Z,74.1,89.0,,,
11722346608,Afternoon Run,Run,4.7835,22.8,2024-06-23T17:10:11Z,154.0,172.0,,,
11713022694,Morning Walk,Walk,2.5364,36.93333333333333,2024-06-22T14:39:26Z,99.1,121.0,,,
11712197686,Morning Walk,Walk,2.1813000000000002,32.03333333333333,2024-06-22T13:15:18Z,90.9,109.0,,,
11711755363,Zwift - Aerobic Development [3h-3h45min] in Watopia,VirtualRide,135.245,226.8,2024-06-22T09:10:09Z,131.1,159.0,215.0,360.0,224.0
11707244602,Afternoon Ride,Ride,6.1036,20.916666666666668,2024-06-21T19:43:45Z,107.7,133.0,78.4,,
11704634842,Morning Ride,Ride,6.1903999999999995,17.483333333333334,2024-06-21T12:59:22Z,123.0,145.0,82.1,,
11704634066,Evening Weight Training,WeightTraining,,20.05,2024-06-20T23:55:24Z,84.8,97.0,,,
11696004345,Zwift - Endurance ride (Aerobic Threshold/LT1) [1h20m-1h40m] in Watopia,VirtualRide,49.542300000000004,80.61666666666666,2024-06-20T09:05:33Z,128.9,140.0,216.6,244.0,222.0
11696326525,Morning Run,Run,7.1103000000000005,35.583333333333336,2024-06-20T10:32:22Z,150.9,176.0,,,
11693571056,Evening Swim,Swim,2.75,69.76666666666667,2024-06-19T22:35:53Z,129.2,165.0,,,
11685537332,Evening Run,Run,14.619299999999999,79.45,2024-06-18T23:08:28Z,148.0,165.0,,,
11679924362,Zwift - VO2max intervals 6 x 3' in London,VirtualRide,33.3251,60.45,2024-06-18T10:01:56Z,142.8,175.0,240.0,363.0,266.0
11677338953,Evening Weight Training,WeightTraining,,15.833333333333334,2024-06-18T00:17:13Z,84.4,110.0,,,
11675911570,Afternoon Swim,Swim,3.0,63.63333333333333,2024-06-17T18:46:20Z,127.7,157.0,,,
11668468605,Afternoon Run,Run,15.3338,73.11666666666666,2024-06-16T17:18:29Z,160.9,180.0,,,
11661381694,Afternoon Walk,Walk,2.0006,34.583333333333336,2024-06-15T21:46:43Z,88.0,110.0,,,
11660664170,Zwift - Endurance ride [2h30m-3h15m] in Watopia,VirtualRide,72.57039999999999,120.91666666666667,2024-06-15T17:43:05Z,138.4,150.0,231.1,250.0,235.0
11656526554,Zwift - Endurance ride [2h30m-3h15m] in Watopia,VirtualRide,38.011300000000006,75.88333333333334,2024-06-15T09:20:45Z,138.8,154.0,225.1,252.0,230.0
11649678178,Morning Run,Run,12.8947,61.733333333333334,2024-06-14T10:14:06Z,156.8,189.0,,,
11647028919,Evening Run,Run,9.691,46.78333333333333,2024-06-13T23:07:51Z,154.8,170.0,,,
11644342166,Lunch Swim,Swim,2.225,45.016666666666666,2024-06-13T15:52:09Z,116.3,157.0,,,
11639414203,Evening Run,Run,6.3369,31.366666666666667,2024-06-12T23:37:20Z,143.3,153.0,,,
11634115783,Zwift - Exigent in Watopia,VirtualRide,56.7935,90.7,2024-06-12T09:50:03Z,145.0,177.0,233.2,378.0,260.0
11631306974,Zwift - Easy ride in France,VirtualRide,32.8309,60.35,2024-06-11T23:12:47Z,124.7,134.0,179.2,230.0,179.0
11630551056,Afternoon Ride,Ride,5.9665,18.583333333333332,2024-06-11T21:29:29Z,122.1,154.0,86.1,,
11627039572,Morning Swim,Swim,1.975,43.5,2024-06-11T13:01:14Z,128.0,147.0,,,
11627038488,Morning Ride,Ride,5.3407,15.416666666666666,2024-06-11T12:36:14Z,118.5,152.0,96.8,,
11622706104,Evening Swim,Swim,0.925,17.8,2024-06-10T22:41:11Z,126.0,144.0,,,
11618202982,Morning Weight Training,WeightTraining,,17.516666666666666,2024-06-10T11:14:40Z,56.0,76.0,,,
11613525237,Lunch Run,Run,17.435299999999998,81.41666666666667,2024-06-09T15:11:07Z,162.6,172.0,,,
11607681004,Zwift - 1h Steady IM Work in France,VirtualRide,49.587900000000005,85.3,2024-06-08T23:35:48Z,136.6,154.0,213.7,248.0,221.0
11602131855,Zwift - Endurance ride [2h - 2h45m] in Watopia,VirtualRide,49.963699999999996,81.21666666666667,2024-06-08T09:23:24Z,138.8,156.0,215.6,256.0,224.0
11594528251,Morning Run,Run,7.1453999999999995,35.03333333333333,2024-06-07T10:08:48Z,147.6,160.0,,,
11592169983,Zwift - Threshold intervals in Watopia,VirtualRide,36.875099999999996,72.23333333333333,2024-06-06T23:08:08Z,140.3,163.0,232.9,394.0,244.0
11583408227,Afternoon Run,Run,10.5503,48.35,2024-06-05T20:42:31Z,167.9,189.0,,,
11580890126,Lunch Ride,Ride,2.7685,8.75,2024-06-05T16:16:35Z,99.0,113.0,70.5,,
11579360904,Morning Ride,Ride,3.9319,16.733333333333334,2024-06-05T12:04:42Z,102.0,133.0,68.3,,
11575678868,Evening Run,Run,9.1238,46.9,2024-06-04T23:00:22Z,155.5,168.0,,,
11573727318,Afternoon Weight Training,WeightTraining,,16.5,2024-06-04T18:18:17Z,104.8,134.0,,,
11572730857,Lunch Ride,Ride,3.1613,10.233333333333333,2024-06-04T16:48:40Z,118.7,145.0,86.6,,
11570085872,Zwift - Endurance ride [1h15m-1h30m] in France,VirtualRide,54.7919,90.46666666666667,2024-06-04T09:30:12Z,143.4,158.0,235.0,274.0,238.0
11570690196,Morning Ride,Ride,2.956,8.966666666666667,2024-06-04T12:04:31Z,132.3,149.0,76.2,,
11556549149,Morning Run,Run,9.8472,43.25,2024-06-02T13:24:23Z,174.9,194.0,,,
11556549119,Morning Workout,Workout,0.004,0.31666666666666665,2024-06-02T13:23:59Z,153.0,160.0,,,
11556549225,Deer Creek 2024 Ride,Ride,40.308,70.63333333333334,2024-06-02T12:13:21Z,172.9,188.0,250.9,581.0,262.0
11556549081,Morning Workout,Workout,1.2501,5.35,2024-06-02T12:04:53Z,164.3,188.0,,,
11556549093,Morning Swim,Swim,1.3911,31.1,2024-06-02T11:33:47Z,154.2,181.0,,,
11548018342,Morning Walk,Walk,1.2704000000000002,18.716666666666665,2024-06-01T13:31:38Z,73.5,86.0,,,
11526211132,Evening Walk,Walk,2.4255999999999998,27.216666666666665,2024-05-29T00:29:30Z,88.1,104.0,,,
11519747087,Lunch Swim,Swim,1.9202000000000001,34.93333333333333,2024-05-28T16:06:39Z,,,,,
11515543267,Zwift - Endurance ride [45m-1h15m] in France,VirtualRide,42.6322,75.48333333333333,2024-05-28T09:30:54Z,145.1,160.0,225.3,439.0,232.0
11515834007,Morning Run,Run,6.948600000000001,35.15,2024-05-28T10:50:05Z,149.3,167.0,,,
11511699811,Afternoon Weight Training,WeightTraining,,28.233333333333334,2024-05-27T18:24:20Z,88.3,122.0,,,
11504764568,Afternoon Run,Run,9.1983,44.86666666666667,2024-05-26T18:09:28Z,161.7,180.0,,,
11496658404,Afternoon Run,Run,7.709,40.11666666666667,2024-05-25T19:09:46Z,151.7,165.0,,,
11493064482,Zwift - Z1 Saddle Time with IM Interval in France,VirtualRide,95.9658,181.8,2024-05-25T08:57:08Z,137.8,167.0,202.1,337.0,217.0
11470026500,Morning Run,Run,12.1609,58.95,2024-05-22T10:01:44Z,161.4,180.0,,,
11463472812,Morning Swim,Swim,1.625,32.65,2024-05-21T13:38:57Z,123.6,155.0,,,
11461924627,Zwift - Cadence work @ SST w/ 12' easy in TT bars,VirtualRide,31.7315,60.4,2024-05-21T09:28:38Z,146.2,173.0,228.3,311.0,245.0
11450311415,Afternoon Run,Run,16.7626,82.46666666666667,2024-05-19T17:21:28Z,159.5,186.0,,,
11461569294,Zwift - Z1 Saddle Time with IM Interval in France,VirtualRide,98.26910000000001,180.85,2024-05-18T09:04:15Z,134.6,165.0,201.9,335.0,217.0
11431457038,Morning Run,Run,,47.11666666666667,2024-05-17T12:29:18Z,153.2,200.0,,,
11425599179,Lunch Swim,Swim,1.8,39.516666666666666,2024-05-16T16:25:50Z,124.0,141.0,,,
11423182861,Zwift - Lionel Sanders' Yellow Day Workout in Watopia,VirtualRide,36.3656,60.53333333333333,2024-05-16T10:04:46Z,136.5,158.0,204.0,469.0,218.0
11417351813,Lunch Swim,Swim,1.1,22.416666666666668,2024-05-15T15:26:35Z,126.0,146.0,,,
11415432248,"Zwift - 02. Endurance Escalator in France... 3x{1,2,3} mins at 360, 30s at165, 8m at 285 in TT",VirtualRide,30.5728,49.416666666666664,2024-05-15T10:11:10Z,158.5,178.0,251.4,365.0,266.0
11396135692,Afternoon Run,Run,18.112599999999997,88.26666666666667,2024-05-12T17:33:37Z,160.8,179.0,,,
11384447810,Zwift - Aerobic Base w Ironman Efforts in Watopia,VirtualRide,140.581,241.91666666666666,2024-05-11T08:04:06Z,144.0,167.0,207.1,421.0,214.0
11368054704,Zwift - Group Ride: Easy 45-60 ride Z2 on Flatland Loop in Makuri Islands,VirtualRide,32.27,63.6,2024-05-09T10:00:47Z,117.4,128.0,166.5,234.0,166.0
11367266355,Evening Run w/ Columbus Tri and Social Club,Run,6.7919,42.65,2024-05-08T22:02:31Z,157.6,193.0,,,
11351854551,Zwift - Group Workout: 75 minute workout this week! on Cobbled Climbs in Richmond,VirtualRide,33.2746,75.58333333333333,2024-05-07T10:00:09Z,146.6,173.0,234.6,892.0,249.0
11349159162,Zwift - Flush out legs,VirtualRide,16.9103,33.36666666666667,2024-05-06T23:21:16Z,116.0,134.0,158.4,219.0,163.0
11341377450,Afternoon Run,Run,14.2738,69.08333333333333,2024-05-05T19:04:05Z,165.1,186.0,,,
11329185197,Zwift - 2h @ 85% Ftp in France,VirtualRide,71.5539,121.05,2024-05-04T09:44:40Z,149.7,169.0,241.0,335.0,250.0
11318326589,Afternoon Run,Run,7.1871,36.766666666666666,2024-05-01T19:58:38Z,165.0,177.0,,,
11318326632,Morning Run,Run,12.9122,62.05,2024-04-28T14:07:43Z,166.1,180.0,,,
11318326609,Afternoon Run,Run,9.8453,47.8,2024-04-26T19:23:02Z,163.5,173.0,,,
11318326545,Afternoon Run,Run,13.7838,62.71666666666667,2024-04-25T17:15:54Z,161.6,187.0,,,
11318326676,Evening Run,Run,11.683399999999999,59.65,2024-04-22T22:04:28Z,156.3,176.0,,,
11318326491,Afternoon Run,Run,7.061,32.85,2024-04-18T21:06:06Z,167.1,189.0,,,
11318326744,Afternoon Run,Run,4.6251999999999995,28.266666666666666,2024-04-16T21:11:54Z,145.3,158.0,,,
11318326683,Morning Run,Run,10.450299999999999,59.15,2024-04-10T10:10:31Z,132.6,144.0,,,
11318326763,Afternoon Walk,Walk,6.5748999999999995,87.0,2024-04-07T19:24:09Z,90.8,113.0,,,
11318326664,Morning Run,Run,12.9629,59.166666666666664,2024-04-06T12:37:56Z,169.1,185.0,,,
11318326654,Morning Run,Run,6.7974,32.11666666666667,2024-04-06T12:03:25Z,146.4,170.0,,,
11318326776,Morning Run,Run,17.6382,84.65,2024-03-30T10:59:02Z,167.2,181.0,,,
11318326673,Morning Run,Run,16.2345,90.01666666666667,2024-03-28T09:45:11Z,139.6,166.0,,,
11318326618,Afternoon Run,Run,14.0042,69.26666666666667,2024-03-20T19:30:00Z,162.5,183.0,,,
11318326690,Morning Walk,Walk,4.3756,52.6,2024-03-17T11:57:50Z,84.7,104.0,,,
11318326742,Afternoon Weight Training,WeightTraining,,5.416666666666667,2024-03-16T18:16:13Z,101.3,114.0,,,
11318326614,Afternoon Run,Run,10.6629,50.583333333333336,2024-03-16T17:20:19Z,164.2,177.0,,,
11318326494,Morning Run,Run,11.010299999999999,58.233333333333334,2024-03-07T11:14:59Z,148.7,164.0,,,
11318326728,Lunch Run,Run,10.0,60.016666666666666,2024-02-29T17:22:25Z,137.6,147.0,,,
11318326635,Afternoon Walk,Walk,5.0478000000000005,73.45,2024-02-26T21:39:26Z,80.6,101.0,,,
11318326584,Morning Run,Run,15.008299999999998,78.21666666666667,2024-02-25T10:31:29Z,141.2,157.0,,,
11318326661,Afternoon Run,Run,11.372200000000001,59.5,2024-02-23T21:10:28Z,146.9,167.0,,,
11318326780,Morning Run,Run,13.6128,67.55,2024-02-20T11:03:05Z,152.6,188.0,,,
11318326756,Lunch Run,Run,17.956400000000002,87.7,2024-02-18T17:50:51Z,155.3,173.0,,,
11318326597,Morning Run,Run,10.4528,56.766666666666666,2024-02-15T11:07:07Z,140.4,151.0,,,
11318326607,Morning Run,Run,13.968200000000001,67.11666666666666,2024-02-13T11:07:51Z,163.7,190.0,,,
11318326707,Afternoon Run,Run,16.479599999999998,79.93333333333334,2024-02-10T18:42:44Z,160.0,174.0,,,
11318326697,Lunch Walk,Walk,1.9783,25.8,2024-02-09T17:31:36Z,92.2,117.0,,,
11318326721,Morning Walk,Walk,4.9495,59.21666666666667,2024-02-09T14:38:46Z,82.3,101.0,,,
11318326772,Morning Run,Run,13.2539,71.63333333333334,2024-02-08T11:00:38Z,146.9,159.0,,,
11318326704,Afternoon Walk,Walk,4.4498999999999995,53.25,2024-02-06T22:05:28Z,93.3,114.0,,,
11318326714,Morning Run,Run,11.9966,60.416666666666664,2024-02-06T11:05:06Z,158.8,192.0,,,
11318326692,Afternoon Run,Run,11.203,52.0,2024-02-04T18:19:01Z,163.1,183.0,,,
